"","LastSalePrice","SQFTmain","Bedrooms","Bathrooms","ZIPcode5","YearOfSale","LandSQFT","TaxBeforeSale","AgeNew","Pool","View"
"1",21445214,7028,5,6,90210,2019,39002,21978349,TRUE,TRUE,"none"
"2",6000060,4078,4,4,90210,2017,21114,507385,TRUE,FALSE,"none"
"3",5900059,2819,3,4,90210,2015,21248,2737371,TRUE,TRUE,"none"
"4",14980149,NA,2,4,90210,2017,87036,1650991,TRUE,TRUE,"none"
"5",2350023,2344,2,3,90210,2017,5000,197326,TRUE,FALSE,"none"
"6",2500025,2779,4,3,90210,2012,15138,1999994,TRUE,TRUE,"none"
"7",8995089,6011,4,5,90210,2012,35585,929205,TRUE,TRUE,"none"
"8",1900019,2440,3,3,90210,2013,11537,2218660,TRUE,FALSE,"City"
"9",4775047,4588,4,6,90210,2013,41308,4635341,TRUE,TRUE,"none"
"10",8400084,3845,3,6,90210,2013,46412,3949114,TRUE,TRUE,"none"
"11",3450000,3793,4,5,90210,2011,27636,394097,TRUE,TRUE,"none"
"12",65000650,11880,7,10,90210,2017,91038,19280700,TRUE,TRUE,"none"
"13",19000190,11012,5,10,90210,2019,32014,19135885,FALSE,TRUE,"none"
"14",11625116,4214,4,6,90210,2017,43258,7751128,TRUE,TRUE,"none"
"15",5700057,NA,5,6,90210,2017,26655,490065,TRUE,TRUE,"none"
"16",13000130,4849,2,4,90210,2011,31963,6383295,TRUE,TRUE,"none"
"17",3630036,2372,2,3,90210,2016,5662,2556711,TRUE,TRUE,"none"
"18",3190031,2510,3,4,90210,2015,6402,1274109,TRUE,TRUE,"none"
"19",72500725,11882,8,13,90210,2019,48515,15322932,TRUE,TRUE,"none"
"20",5700057,4375,5,5,90210,2019,28423,500922,FALSE,TRUE,"City"
"21",21000210,7016,4,6,90210,2016,43732,4333396,TRUE,TRUE,"none"
"22",22500225,NA,4,5,90210,2016,31163,5146045,TRUE,FALSE,"none"
"23",4105041,3076,3,4,90210,2015,23964,3169512,TRUE,TRUE,"none"
"24",2610026,3862,4,4,90210,2013,9315,2153013,TRUE,TRUE,"City"
"25",7045070,4314,5,5,90210,2011,21440,2954062,TRUE,TRUE,"none"
"26",16300163,5968,5,7,90210,2017,23220,5384780,TRUE,TRUE,"City"
"27",4000040,NA,5,7,90210,2012,22841,2219380,TRUE,TRUE,"none"
"28",6100061,4066,3,6,90210,2018,22191,798803,TRUE,TRUE,"none"
"29",4575000,3319,4,4,90210,2013,23569,338630,TRUE,TRUE,"none"
"30",15000150,4182,3,4,90210,2018,26629,7109370,TRUE,TRUE,"none"
"31",2806528,3565,4,4,90210,2011,20417,1616319,TRUE,TRUE,"none"
"32",5200052,4192,4,5,90210,2015,26578,2143184,TRUE,FALSE,"none"
"33",14500145,3906,4,5,90210,2015,24008,4720000,TRUE,TRUE,"none"
"34",9500095,3645,3,5,90210,2016,25090,6886496,TRUE,TRUE,"none"
"35",2791000,5295,6,6,90210,2012,22516,1864591,TRUE,TRUE,"none"
"36",6850068,3980,4,5,90210,2018,21943,2530523,TRUE,TRUE,"none"
"37",6680066,3281,4,4,90210,2016,20291,5179445,TRUE,TRUE,"none"
"38",7020070,3644,3,4,90210,2015,25249,353443,TRUE,TRUE,"none"
"39",7220072,3067,4,4,90210,2016,18396,1310026,TRUE,TRUE,"none"
"40",5650056,5170,4,5,90210,2013,19815,638273,TRUE,TRUE,"none"
"41",8735087,4840,6,5,90210,2017,9694,4590000,TRUE,TRUE,"none"
"42",1825018,3032,3,4,90210,2012,11892,1052703,TRUE,TRUE,"none"
"43",1850018,2408,2,3,90210,2010,10495,1864752,TRUE,FALSE,"none"
"44",13100131,5749,3,4,90210,2016,55028,5583874,TRUE,TRUE,"City"
"45",3550035,2801,4,3,90210,2016,14028,1298086,TRUE,TRUE,"none"
"46",10500105,7677,3,5,90210,2015,25014,9197085,TRUE,TRUE,"none"
"47",3519535,4125,5,4,90210,2013,11071,2716684,TRUE,TRUE,"none"
"48",1870018,2103,3,3,90210,2012,10741,1080559,TRUE,TRUE,"none"
"49",1690000,5662,5,6,90210,2010,13148,180833,FALSE,TRUE,"none"
"50",2515025,4346,4,5,90210,2013,12558,1018681,TRUE,TRUE,"none"
"51",4455044,4168,4,5,90210,2018,13716,3119769,TRUE,TRUE,"none"
"52",2192000,2776,3,4,90210,2013,14375,1611222,TRUE,TRUE,"none"
"53",4930049,5390,4,6,90210,2014,16272,2206000,TRUE,TRUE,"none"
"54",2795027,3855,4,4,90210,2011,14042,2009000,TRUE,TRUE,"none"
"55",3326033,NA,4,6,90210,2014,12588,3366333,TRUE,FALSE,"none"
"56",1700000,3968,4,4,90210,2009,15653,931068,TRUE,TRUE,"none"
"57",1635016,2604,3,3,90210,2010,15199,1500000,TRUE,TRUE,"none"
"58",4150041,3466,4,3,90210,2017,12749,1118685,TRUE,TRUE,"none"
"59",2400024,2256,3,3,90210,2008,28363,192662,TRUE,TRUE,"City"
"60",1360000,3094,4,4,90210,2010,8316,434279,TRUE,FALSE,"none"
"61",5800058,3374,4,3,90210,2018,17867,4335000,TRUE,FALSE,"none"
"62",3550000,3279,4,4,90210,2013,14916,1023820,TRUE,TRUE,"none"
"63",5850058,6260,5,6,90210,2015,13295,5303373,TRUE,TRUE,"none"
"64",3525000,3801,5,6,90210,2011,13571,2041525,FALSE,TRUE,"none"
"65",1926000,4602,5,6,90210,2010,10018,1306292,TRUE,TRUE,"none"
"66",1825018,3175,5,4,90210,2012,11336,282133,TRUE,TRUE,"none"
"67",1825018,2848,5,4,90210,2010,13436,1417108,TRUE,TRUE,"none"
"68",1800018,NA,2,3,90210,2009,13790,1107818,TRUE,TRUE,"none"
"69",5825058,3620,4,7,90210,2013,11213,1741784,TRUE,TRUE,"none"
"70",1935019,2202,2,3,90210,2013,9850,1443236,TRUE,TRUE,"none"
"71",6750067,NA,5,5,90210,2017,13039,3340500,TRUE,TRUE,"none"
"72",1700000,NA,4,4,90210,2011,11918,393409,TRUE,TRUE,"none"
"73",2395023,NA,5,5,90210,2011,19189,775619,TRUE,TRUE,"none"
"74",3750037,3925,4,5,90210,2014,17218,1310063,TRUE,TRUE,"none"
"75",3500035,NA,2,3,90210,2017,13026,376803,TRUE,TRUE,"none"
"76",3225032,6318,5,7,90210,2014,15470,221146,TRUE,TRUE,"none"
"77",4000000,3779,3,4,90210,2013,11286,1823000,TRUE,FALSE,"none"
"78",3197531,2671,4,4,90210,2015,17443,1118882,TRUE,TRUE,"none"
"79",2865028,3414,3,4,90210,2018,10764,441708,TRUE,FALSE,"none"
"80",1750000,2557,3,3,90210,2008,11106,213503,TRUE,TRUE,"none"
"81",1480014,3226,3,4,90210,2009,15887,235910,TRUE,TRUE,"none"
"82",1899018,3531,3,6,90210,2012,11024,735923,TRUE,TRUE,"Water"
"83",5000050,4179,5,6,90210,2015,15035,1118075,TRUE,TRUE,"none"
"84",2400000,3668,4,4,90210,2010,17480,311638,TRUE,FALSE,"none"
"85",2750027,2991,4,3,90210,2014,14529,886614,TRUE,TRUE,"none"
"86",1065010,1490,2,1,90210,2012,15378,817523,TRUE,FALSE,"none"
"87",14000000,12874,7,9,90210,2009,61140,7123113,TRUE,TRUE,"City"
"88",6565065,8679,5,7,90210,2016,17459,4771199,TRUE,TRUE,"none"
"89",3875038,6240,4,5,90210,2011,17267,2543567,TRUE,TRUE,"City"
"90",1375013,2439,4,4,90210,2008,10701,131360,TRUE,FALSE,"none"
"91",2760027,2412,2,2,90210,2018,7180,1448662,FALSE,FALSE,"none"
"92",2000000,3005,3,3,90210,2014,14750,1900000,TRUE,FALSE,"City"
"93",14574000,7256,7,7,90210,2016,43680,6888451,TRUE,TRUE,"none"
"94",2950029,3219,4,3,90210,2017,9192,1348847,TRUE,TRUE,"none"
"95",7600076,NA,4,4,90210,2015,26017,6000000,TRUE,TRUE,"none"
"96",1610016,3796,5,4,90210,2011,16606,1498000,TRUE,TRUE,"none"
"97",2575000,4343,4,5,90210,2014,15279,1710128,TRUE,FALSE,"City"
"98",1600000,3650,4,4,90210,2013,10080,154665,TRUE,TRUE,"none"
"99",940009,1403,2,2,90210,2010,5892,618094,TRUE,FALSE,"none"
"100",1997519,NA,2,3,90210,2018,5285,1195448,TRUE,TRUE,"none"
"101",1356013,2782,3,3,90210,2012,11611,188705,TRUE,TRUE,"none"
"102",3800038,7552,6,9,90210,2012,14583,3620000,TRUE,TRUE,"City"
"103",1642016,NA,3,3,90210,2013,20726,776766,TRUE,TRUE,"none"
"104",5600056,4327,4,6,90210,2017,11065,3830901,TRUE,TRUE,"none"
"105",1700017,NA,4,3,90210,2008,7823,648985,TRUE,TRUE,"none"
"106",4785047,5111,5,7,90210,2013,23392,3386000,TRUE,TRUE,"none"
"107",7670076,7224,4,5,90210,2014,24970,8188899,TRUE,TRUE,"none"
"108",3950039,5560,5,6,90210,2010,13963,1757636,TRUE,TRUE,"none"
"109",4525045,2363,3,3,90210,2017,52059,1347759,TRUE,TRUE,"none"
"110",1295012,1542,2,2,90210,2013,17717,621744,TRUE,FALSE,"none"
"111",1350013,2362,2,3,90210,2013,27542,208040,TRUE,TRUE,"none"
"112",2589025,4372,5,6,90210,2015,14857,2173803,TRUE,TRUE,"none"
"113",6800068,4678,4,4,90210,2010,31158,3546582,TRUE,TRUE,"none"
"114",4595045,3933,4,5,90210,2019,18015,4668431,FALSE,TRUE,"Water"
"115",2200022,4188,5,6,90210,2015,9549,278567,TRUE,TRUE,"none"
"116",2300023,2052,3,3,90210,2015,7915,866622,TRUE,TRUE,"none"
"117",7250072,3448,3,4,90210,2015,18104,3010000,TRUE,TRUE,"Canyon"
"118",2350000,2736,4,3,90210,2012,45154,423036,TRUE,TRUE,"City"
"119",2200022,3537,4,3,90210,2018,7724,1040109,TRUE,FALSE,"none"
"120",4000000,4341,4,4,90210,2013,25360,1364035,TRUE,TRUE,"none"
"121",4350043,5782,5,6,90210,2018,17221,3483032,TRUE,TRUE,"none"
"122",3225000,3039,3,3,90210,2014,12368,788473,TRUE,TRUE,"none"
"123",2290022,3197,3,4,90210,2017,13192,1657398,TRUE,TRUE,"none"
"124",2625026,4414,4,4,90210,2012,5121,2142000,TRUE,FALSE,"none"
"125",3641036,3786,4,4,90210,2018,24403,1368635,TRUE,TRUE,"none"
"126",2500025,3260,3,4,90210,2014,8917,2099290,TRUE,FALSE,"City"
"127",14250142,6634,5,7,90210,2016,48432,6521965,TRUE,TRUE,"none"
"128",1500015,2175,3,3,90210,2013,12330,1650000,TRUE,FALSE,"none"
"129",23800238,8872,6,8,90210,2015,31607,1946760,TRUE,TRUE,"none"
"130",11750117,6657,4,6,90210,2017,15802,7968594,TRUE,TRUE,"none"
"131",3000030,3464,4,4,90210,2018,5511,2074497,TRUE,TRUE,"none"
"132",1370013,2060,3,3,90210,2012,6866,903296,TRUE,FALSE,"none"
"133",1025000,1462,2,2,90210,2011,8825,224525,TRUE,FALSE,"none"
"134",2350023,2325,2,3,90210,2018,5620,2011548,TRUE,FALSE,"none"
"135",2728027,2348,2,3,90210,2016,16673,1930000,TRUE,TRUE,"none"
"136",4300043,4650,4,5,90210,2012,41664,3487434,TRUE,TRUE,"none"
"137",2000020,1978,3,2,90210,2019,8536,1357482,TRUE,FALSE,"none"
"138",4600046,3511,4,4,90210,2019,14170,1818859,FALSE,TRUE,"none"
"139",1520015,1755,2,2,90210,2013,6192,1748861,TRUE,FALSE,"none"
"140",41500415,13567,6,10,90210,2018,44806,39270000,TRUE,TRUE,"City"
"141",2491024,NA,5,6,90210,2014,15006,1664639,TRUE,FALSE,"none"
"142",13500135,10482,7,9,90210,2016,32976,274580,TRUE,TRUE,"none"
"143",2287522,2698,4,3,90210,2015,12655,646876,TRUE,FALSE,"none"
"144",3800038,3862,5,6,90210,2011,14785,2929520,TRUE,TRUE,"none"
"145",3225032,2375,2,3,90210,2018,10606,1449712,TRUE,TRUE,"none"
"146",1969019,4142,4,4,90210,2012,13135,1665184,TRUE,TRUE,"none"
"147",1500015,3248,4,3,90210,2009,8099,984664,TRUE,FALSE,"none"
"148",2425024,3818,4,4,90210,2013,14925,910306,TRUE,TRUE,"City"
"149",2300023,NA,3,3,90210,2015,9302,1193055,TRUE,TRUE,"none"
"150",3200032,6740,9,9,90210,2008,14937,1830066,TRUE,TRUE,"Water"
"151",1230000,1616,2,2,90210,2008,6265,2295000,TRUE,FALSE,"none"
"152",2668000,2860,3,4,90210,2014,15138,1417774,TRUE,TRUE,"none"
"153",2795027,2860,3,4,90210,2015,72395,1098228,TRUE,TRUE,"none"
"154",16190161,8110,8,7,90210,2011,147321,15500000,TRUE,FALSE,"none"
"155",11800118,7580,6,7,90210,2015,25424,6916257,TRUE,TRUE,"City"
"156",4675046,5132,4,5,90210,2010,44922,613181,TRUE,TRUE,"none"
"157",1100500,2327,2,3,90210,2011,15172,627480,TRUE,FALSE,"none"
"158",3765037,3053,4,4,90210,2018,10438,2907000,TRUE,TRUE,"none"
"159",2600026,3018,4,4,90210,2014,12018,2377134,TRUE,TRUE,"none"
"160",1300000,3664,4,5,90210,2013,11239,621671,TRUE,TRUE,"none"
"161",1360000,2300,3,3,90210,2015,7907,1095594,TRUE,FALSE,"none"
"162",2549025,3347,3,5,90210,2013,8180,1668358,TRUE,TRUE,"none"
"163",4500045,5269,5,5,90210,2018,14420,741495,TRUE,TRUE,"none"
"164",2795027,3111,3,3,90210,2016,8393,2262597,TRUE,TRUE,"none"
"165",10825108,3836,5,5,90210,2015,24992,4062031,TRUE,TRUE,"City"
"166",3450000,4138,4,5,90210,2015,13172,1917265,TRUE,TRUE,"none"
"167",2150021,NA,4,4,90210,2012,7386,1820000,TRUE,FALSE,"none"
"168",1775017,2988,5,3,90210,2008,19012,738164,TRUE,TRUE,"none"
"169",2775027,2323,3,3,90210,2015,13410,1554168,TRUE,TRUE,"none"
"170",3800038,5418,4,5,90210,2014,91469,2463463,TRUE,TRUE,"none"
"171",4013040,3948,3,4,90210,2017,9335,3606137,TRUE,TRUE,"none"
"172",2450024,2753,3,3,90210,2014,13781,2318000,TRUE,FALSE,"none"
"173",2795000,5730,5,7,90210,2012,10400,2593368,TRUE,TRUE,"Canyon"
"174",3400034,3335,4,5,90210,2014,6363,2426000,TRUE,TRUE,"none"
"175",2000000,3265,4,5,90210,2010,7433,3667410,TRUE,FALSE,"City"
"176",558505,1236,2,1,90210,2011,9706,683932,TRUE,FALSE,"none"
"177",1085010,930,4,1,90210,2016,8357,949781,TRUE,FALSE,"none"
"178",1260012,1040,2,2,90210,2016,7040,615389,TRUE,FALSE,"none"
"179",3600036,2085,4,5,90210,2018,5041,3624441,TRUE,FALSE,"City"
"180",3200032,2621,3,3,90210,2018,16789,274095,TRUE,TRUE,"none"
"181",2925029,NA,4,5,90210,2014,7765,2560000,TRUE,FALSE,"Canyon"
"182",2810028,3875,4,5,90210,2015,11190,2299269,TRUE,TRUE,"none"
"183",1000010,1526,3,1,90210,2014,6146,812378,TRUE,FALSE,"none"
"184",1320013,1360,3,2,90210,2018,8509,104238,TRUE,FALSE,"none"
"185",7000070,5367,6,5,90210,2016,18506,371033,TRUE,TRUE,"none"
"186",8900089,7181,6,7,90210,2019,19835,8670000,TRUE,TRUE,"City"
"187",2500025,2348,3,3,90210,2013,15530,1438173,TRUE,FALSE,"City"
"188",5560055,3910,4,4,90210,2015,13438,3090951,TRUE,TRUE,"none"
"189",3500035,3598,5,5,90210,2018,51929,1160660,TRUE,TRUE,"none"
"190",2580025,2878,3,3,90210,2017,5906,1933627,TRUE,FALSE,"none"
"191",3712000,3174,3,4,90210,2013,10104,1659749,TRUE,TRUE,"none"
"192",3812000,6131,4,4,90210,2016,19650,4150000,TRUE,TRUE,"none"
"193",2000020,2506,3,2,90210,2017,7872,610094,TRUE,FALSE,"City"
"194",16949669,6786,4,7,90210,2019,17806,8734104,FALSE,TRUE,"none"
"195",1995000,2855,2,3,90210,2008,8738,995020,TRUE,FALSE,"none"
"196",1024500,2393,4,3,90210,2012,9811,281396,TRUE,FALSE,"none"
"197",3725000,3982,4,7,90210,2011,25675,2317000,TRUE,TRUE,"none"
"198",3798037,3922,3,5,90210,2014,14123,1197392,TRUE,FALSE,"none"
"199",1945000,1933,2,3,90210,2015,5976,559801,TRUE,TRUE,"none"
"200",6500065,4432,4,5,90210,2015,34328,3691363,TRUE,TRUE,"none"
"201",5400054,1976,2,4,90210,2019,6820,3491436,FALSE,TRUE,"none"
"202",2050000,4294,3,5,90210,2012,10095,1325903,TRUE,FALSE,"none"
"203",1327013,2575,4,4,90210,2009,14986,1614714,TRUE,FALSE,"none"
"204",4651046,3267,4,5,90210,2019,11588,3642886,FALSE,TRUE,"none"
"205",1495014,NA,4,3,90210,2012,11239,421430,TRUE,TRUE,"none"
"206",1790017,1718,2,3,90210,2018,12083,1663257,TRUE,TRUE,"none"
"207",3410034,2371,2,1,90210,2017,20013,313668,TRUE,FALSE,"City"
"208",1952000,3063,4,3,90210,2011,15735,1149517,TRUE,TRUE,"none"
"209",1672516,3022,4,4,90210,2012,11388,1412125,TRUE,TRUE,"none"
"210",7750077,4658,4,6,90210,2016,33885,3241572,TRUE,TRUE,"none"
"211",7050070,10247,6,7,90210,2010,32676,7716941,TRUE,TRUE,"Water"
"212",4300043,3441,3,4,90210,2016,26705,499976,TRUE,TRUE,"City"
"213",1625016,2169,3,4,90210,2011,12225,1350000,TRUE,TRUE,"none"
"214",2651026,NA,3,3,90210,2018,9560,2538575,TRUE,TRUE,"none"
"215",1950019,3678,4,7,90210,2011,7195,2100000,TRUE,TRUE,"none"
"216",2133021,4995,3,4,90210,2011,15641,1217092,TRUE,FALSE,"City"
"217",1400014,2168,3,3,90210,2013,15172,145502,TRUE,FALSE,"none"
"218",2500025,NA,4,4,90210,2014,12737,340611,TRUE,TRUE,"none"
"219",13450134,8141,6,9,90210,2018,47935,7792654,TRUE,TRUE,"none"
"220",5600056,3290,4,3,90210,2018,13051,3517000,TRUE,TRUE,"none"
"221",5700057,NA,5,7,90210,2018,16716,3980918,TRUE,TRUE,"none"
"222",1258000,3352,4,5,90210,2011,7187,366504,TRUE,FALSE,"none"
"223",3875538,5526,5,6,90210,2018,13163,1454501,TRUE,FALSE,"none"
"224",3255032,3162,4,4,90210,2016,7048,2330024,TRUE,TRUE,"none"
"225",820008,2026,2,3,90210,2013,2693,521203,TRUE,FALSE,"none"
"226",1488000,3430,4,4,90210,2010,14751,998156,TRUE,TRUE,"none"
"227",8500085,6169,5,6,90210,2017,19832,2634573,TRUE,TRUE,"none"
"228",2636026,3269,4,4,90210,2014,16915,751615,TRUE,TRUE,"none"
"229",3317033,NA,5,5,90210,2016,15384,2101910,TRUE,FALSE,"none"
"230",3380033,3246,4,5,90210,2017,6925,3050000,TRUE,TRUE,"City"
"231",2250022,2154,3,2,90210,2018,8042,1593263,TRUE,FALSE,"none"
"232",1340013,1327,2,2,90210,2015,9824,1084573,TRUE,FALSE,"none"
"233",1110011,2471,2,3,90210,2009,7330,1475077,TRUE,FALSE,"none"
"234",2225000,2049,2,2,90210,2012,10958,1145000,TRUE,TRUE,"none"
"235",1725017,2233,3,2,90210,2014,7102,876017,TRUE,FALSE,"none"
"236",1992019,3010,3,3,90210,2017,7499,686343,TRUE,FALSE,"none"
"237",2850028,4080,4,4,90210,2015,15022,1238939,TRUE,TRUE,"none"
"238",1600016,2550,4,4,90210,2013,6917,1450000,TRUE,FALSE,"none"
"239",2450024,3397,4,3,90210,2017,9579,2397000,TRUE,FALSE,"City"
"240",1510015,1629,2,2,90210,2013,6638,519375,TRUE,FALSE,"none"
"241",1400014,2630,5,4,90210,2015,25276,1629527,TRUE,FALSE,"none"
"242",1300013,1602,3,2,90210,2015,7482,773080,TRUE,TRUE,"none"
"243",3337533,3281,3,4,90210,2018,9779,3897930,TRUE,TRUE,"none"
"244",2448524,3694,5,5,90210,2011,18675,919642,TRUE,TRUE,"none"
"245",2025020,2346,3,5,90210,2018,9767,2125000,TRUE,TRUE,"none"
"246",1320013,1620,2,3,90210,2013,8481,118246,TRUE,FALSE,"none"
"247",3667536,3800,5,4,90210,2018,6624,2827165,TRUE,TRUE,"none"
"248",2810028,NA,4,5,90210,2012,12656,2610220,TRUE,FALSE,"none"
"249",7000070,6794,6,9,90210,2011,108904,6080000,TRUE,TRUE,"none"
"250",1500000,4438,4,5,90210,2010,13138,1900000,TRUE,FALSE,"none"
"251",2170021,2647,2,3,90210,2019,5683,1846176,TRUE,FALSE,"none"
"252",5300053,3981,5,3,90210,2017,24881,4936572,TRUE,TRUE,"none"
"253",3500000,4210,4,4,90210,2012,112417,3518353,TRUE,TRUE,"Canyon"
"254",4000040,2101,3,3,90210,2018,5898,4270000,TRUE,TRUE,"Water"
"255",8050080,4585,4,5,90210,2015,12489,1644977,TRUE,TRUE,"City"
"256",3300033,2472,3,2,90210,2017,15891,2678229,TRUE,TRUE,"none"
"257",5125051,4583,4,5,90210,2018,6698,3448345,TRUE,TRUE,"none"
"258",3500035,2872,3,3,90210,2014,10455,2243224,TRUE,TRUE,"none"
"259",1200012,1792,3,3,90210,2013,5850,1100000,TRUE,FALSE,"none"
"260",925009,1422,2,1,90210,2010,8198,90969,TRUE,FALSE,"none"
"261",2265022,2085,3,2,90210,2019,7633,2133189,TRUE,FALSE,"none"
"262",1350000,3296,3,3,90210,2012,13504,680652,TRUE,FALSE,"none"
"263",1335013,1780,3,2,90210,2013,7555,929736,TRUE,FALSE,"none"
"264",2050020,1599,3,2,90210,2017,9695,1940000,TRUE,FALSE,"none"
"265",2690000,3928,3,4,90210,2008,24658,1602685,TRUE,TRUE,"none"
"266",2200022,2201,2,3,90210,2018,7998,918531,TRUE,TRUE,"City"
"267",794507,1446,2,2,90210,2011,8210,560000,TRUE,FALSE,"none"
"268",1950019,2646,5,3,90210,2013,6629,739099,TRUE,TRUE,"none"
"269",2900029,1819,2,3,90210,2018,14785,2371315,TRUE,TRUE,"none"
"270",10825108,2270,2,2,90210,2015,12108,1838511,TRUE,TRUE,"none"
"271",1580000,2911,4,3,90210,2011,9578,490508,FALSE,TRUE,"none"
"272",5433554,3151,4,4,90210,2018,15085,2585393,FALSE,TRUE,"none"
"273",6330063,5740,4,5,90210,2016,11010,4173456,TRUE,TRUE,"none"
"274",1769517,2799,3,4,90210,2009,5714,699528,TRUE,FALSE,"none"
"275",2300023,6004,5,7,90210,2014,6637,498519,TRUE,FALSE,"Canyon"
"276",1505015,2560,3,3,90210,2010,8163,2190000,TRUE,FALSE,"City"
"277",1300013,1768,3,2,90210,2015,8216,918006,TRUE,FALSE,"none"
"278",1325013,1851,2,3,90210,2015,6249,1366772,TRUE,FALSE,"none"
"279",785007,1448,3,2,90210,2012,4811,682158,TRUE,FALSE,"none"
"280",2195021,3176,4,3,90210,2013,7454,203834,TRUE,TRUE,"none"
"281",2450024,2365,3,2,90210,2016,10933,1835195,TRUE,TRUE,"none"
"282",5400054,3025,2,3,90210,2014,63084,5715832,TRUE,TRUE,"none"
"283",1960000,3240,4,3,90210,2011,14206,2210000,TRUE,TRUE,"none"
"284",9600096,4254,5,6,90210,2018,36480,519636,TRUE,TRUE,"none"
"285",12250122,5603,5,8,90210,2016,38066,13500000,TRUE,TRUE,"City"
"286",2010020,NA,3,4,90210,2016,16464,277193,TRUE,FALSE,"none"
"287",10500105,5313,4,6,90210,2018,23535,505649,TRUE,TRUE,"none"
"288",11000110,4061,3,5,90210,2016,21277,7704377,TRUE,TRUE,"none"
"289",2920000,5207,4,5,90210,2009,11033,3257035,TRUE,TRUE,"none"
"290",36500365,8628,4,7,90210,2012,76413,27282571,TRUE,TRUE,"none"
"291",34500000,17908,9,14,90210,2012,85685,38114589,TRUE,TRUE,"none"
"292",13000130,5794,4,6,90210,2010,32481,7905999,TRUE,TRUE,"none"
"293",5200052,4605,5,5,90210,2019,20471,4138898,FALSE,TRUE,"none"
"294",5226000,4838,4,5,90210,2014,15464,1778374,TRUE,TRUE,"none"
"295",9350000,7664,8,6,90210,2011,49591,6869396,TRUE,TRUE,"none"
"296",4725047,4957,4,6,90210,2017,16561,4284741,TRUE,TRUE,"none"
"297",2935029,4147,4,5,90210,2013,15407,352108,TRUE,FALSE,"none"
"298",9150091,5147,3,3,90210,2017,27576,2361445,TRUE,TRUE,"none"
"299",11202000,11032,9,11,90210,2013,62593,7495057,TRUE,TRUE,"none"
"300",10500105,6537,5,6,90210,2014,24056,9363600,TRUE,FALSE,"none"
"301",5075050,3594,4,5,90210,2015,19917,2808702,TRUE,TRUE,"none"
"302",6500065,4555,4,6,90210,2014,50647,4600000,TRUE,TRUE,"none"
"303",6200062,4026,4,6,90210,2019,19853,3759945,FALSE,FALSE,"none"
"304",14000140,7009,6,5,90210,2012,27836,6654741,TRUE,TRUE,"none"
"305",5800058,4494,6,3,90210,2015,13100,719589,TRUE,TRUE,"none"
"306",5450000,6389,6,7,90210,2009,23577,3441556,TRUE,TRUE,"City"
"307",15000150,6484,4,5,90210,2014,50103,6013733,TRUE,TRUE,"none"
"308",9500095,6025,6,6,90210,2015,169134,5533005,TRUE,FALSE,"none"
"309",38000380,10286,7,9,90210,2016,52575,27750000,TRUE,TRUE,"none"
"310",11100000,7340,6,7,90210,2009,28837,10612079,TRUE,TRUE,"none"
"311",4000000,2219,4,4,90210,2013,16487,381895,TRUE,TRUE,"none"
"312",2700000,NA,4,5,90210,2012,17065,411057,TRUE,TRUE,"none"
"313",4150000,1920,3,2,90210,2015,21752,1608667,TRUE,TRUE,"none"
"314",16000160,NA,8,7,90210,2017,28628,6474535,TRUE,TRUE,"none"
"315",7350073,4184,3,6,90210,2016,20385,1691801,TRUE,TRUE,"none"
"316",11230112,NA,3,5,90210,2019,35889,656688,FALSE,TRUE,"none"
"317",6700067,3735,5,5,90210,2016,9868,2884607,TRUE,FALSE,"none"
"318",2305023,3405,2,3,90210,2013,8315,2268071,TRUE,TRUE,"none"
"319",3850038,2544,4,3,90210,2015,15183,1739743,TRUE,FALSE,"none"
"320",3227032,3784,5,6,90210,2017,24081,330301,TRUE,TRUE,"none"
"321",26750267,16052,6,11,90210,2017,27048,8181504,TRUE,TRUE,"none"
"322",5875058,5227,3,7,90210,2012,46623,3702308,TRUE,TRUE,"none"
"323",35000350,5286,4,8,90210,2018,31143,16641198,TRUE,TRUE,"none"
"324",6880068,3054,4,4,90210,2016,19986,3842720,TRUE,FALSE,"none"
"325",9750097,5980,5,7,90210,2013,19981,7385990,TRUE,TRUE,"none"
"326",8550085,4433,5,6,90210,2015,26706,2367398,TRUE,TRUE,"none"
"327",63884638,14579,5,7,90210,2018,41189,21873974,TRUE,TRUE,"none"
"328",3050000,3995,5,5,90210,2011,16922,2571914,TRUE,TRUE,"none"
"329",47851978,NA,8,13,90210,2015,117078,9503411,TRUE,TRUE,"none"
"330",1775017,3671,5,5,90210,2011,18638,2563536,TRUE,TRUE,"none"
"331",13000130,5239,4,7,90210,2016,39937,6250123,TRUE,TRUE,"none"
"332",12800128,6891,7,7,90210,2011,86529,12500000,TRUE,TRUE,"none"
"333",7227000,5688,6,6,90210,2015,12779,4352993,TRUE,TRUE,"none"
"334",8500085,4750,4,5,90210,2013,53345,4134391,FALSE,TRUE,"none"
"335",9325093,3384,3,4,90210,2019,34420,7750000,TRUE,TRUE,"none"
"336",9972099,8015,7,8,90210,2013,52037,8295437,TRUE,TRUE,"none"
"337",1350013,2277,3,3,90210,2016,5218,1274974,TRUE,FALSE,"none"
"338",12500125,5066,4,5,90210,2016,29824,5392560,TRUE,TRUE,"none"
"339",1835018,1600,2,2,90210,2016,7283,1766239,TRUE,FALSE,"none"
"340",8194000,12338,6,9,90210,2011,70893,12500000,TRUE,TRUE,"none"
"341",3470034,NA,4,4,90210,2012,15143,2120000,TRUE,TRUE,"none"
"342",2000020,2857,3,4,90210,2014,53926,878957,TRUE,FALSE,"none"
"343",3625036,3488,3,3,90210,2019,16871,4141366,FALSE,FALSE,"none"
"344",5650056,4688,4,7,90210,2013,16329,5600000,TRUE,TRUE,"none"
"345",2125021,3317,4,5,90210,2015,8671,903900,TRUE,FALSE,"City"
"346",5100051,3689,3,3,90210,2017,18496,4563975,TRUE,TRUE,"none"
"347",3995039,2838,3,2,90210,2018,9710,117403,TRUE,FALSE,"none"
"348",1990519,2409,3,3,90210,2016,6794,1800000,TRUE,TRUE,"Water"
"349",2125021,2263,2,2,90210,2015,5404,1939921,TRUE,FALSE,"none"
"350",810000,1328,2,2,90210,2012,9741,447344,TRUE,FALSE,"none"
"351",710007,1663,3,3,90210,2012,7248,624060,TRUE,FALSE,"none"
"352",2750027,2778,3,3,90210,2019,6970,327405,FALSE,FALSE,"none"
"353",2325023,3128,4,4,90210,2019,6883,2702347,FALSE,FALSE,"none"
"354",7375073,NA,6,8,90210,2017,10962,4984456,TRUE,TRUE,"none"
"355",2785027,2836,4,4,90210,2016,6749,1300473,TRUE,FALSE,"none"
"356",2450024,NA,4,3,90210,2017,25038,857938,TRUE,FALSE,"none"
"357",2900029,3125,3,4,90210,2017,4858,1760000,TRUE,TRUE,"none"
"358",1755017,3269,4,5,90210,2012,10355,1008186,TRUE,FALSE,"Canyon"
"359",4220042,4221,3,4,90210,2016,6417,2183886,TRUE,TRUE,"none"
"360",1300013,1658,3,3,90210,2018,3468,1285112,TRUE,FALSE,"none"
"361",2000000,2000,3,3,90210,2012,8505,1650000,TRUE,FALSE,"none"
"362",2545000,NA,3,2,90210,2013,11540,1269582,TRUE,TRUE,"none"
"363",2580025,5522,3,4,90210,2012,43287,419065,TRUE,TRUE,"none"
"364",4850048,6331,7,6,90210,2012,25729,6125534,TRUE,TRUE,"none"
"365",6995069,7018,6,6,90210,2008,13895,3950000,TRUE,FALSE,"none"
"366",15000150,8213,4,4,90210,2019,58157,5954602,FALSE,TRUE,"none"
"367",10800108,8704,6,8,90210,2014,28121,8763563,TRUE,TRUE,"none"
"368",3000030,2872,4,4,90210,2012,48233,4455000,TRUE,TRUE,"none"
"369",7500000,5549,5,7,90210,2013,71487,3568269,TRUE,TRUE,"none"
"370",18000180,24977,17,10,90210,2008,67193,9202000,TRUE,TRUE,"none"
"371",1650016,2978,3,3,90210,2016,10087,856822,TRUE,TRUE,"none"
"372",15940159,NA,7,11,90210,2017,33614,18200000,TRUE,TRUE,"none"
"373",5625000,13764,6,11,90210,2012,30685,4794000,TRUE,FALSE,"none"
"374",4200000,11410,7,10,90210,2013,19896,1843322,TRUE,TRUE,"none"
"375",12900129,4568,4,6,90210,2017,21363,531260,TRUE,TRUE,"none"
"376",2266022,3415,3,4,90210,2014,13765,267552,TRUE,FALSE,"none"
"377",4500045,8251,7,7,90210,2017,27238,652367,FALSE,TRUE,"none"
"378",3395033,2569,4,5,90210,2016,5936,2623221,TRUE,TRUE,"none"
"379",2750027,3362,4,4,90210,2013,16747,2529600,TRUE,TRUE,"none"
"380",2050000,3782,3,6,90210,2011,20616,1049211,TRUE,TRUE,"none"
"381",18382183,7029,5,6,90210,2015,69629,6571366,TRUE,TRUE,"none"
"382",5115051,5747,4,5,90210,2012,18603,3706000,TRUE,TRUE,"none"
"383",4002040,3400,3,4,90210,2015,36561,2975000,TRUE,FALSE,"City"
"384",3125031,2993,4,4,90210,2017,14160,2184405,TRUE,FALSE,"none"
"385",2955029,NA,2,2,90210,2014,16897,278560,TRUE,FALSE,"none"
"386",5072050,4266,5,4,90210,2014,12283,1007180,TRUE,TRUE,"none"
"387",2950029,NA,4,3,90210,2019,14404,3085191,FALSE,TRUE,"none"
"388",10800000,5185,5,5,90210,2013,35331,6757500,TRUE,TRUE,"none"
"389",23700237,8515,9,8,90210,2015,53393,822565,TRUE,TRUE,"none"
"390",2200022,3084,5,4,90210,2018,8980,189872,TRUE,TRUE,"none"
"391",17800178,NA,5,7,90210,2018,19611,972854,TRUE,FALSE,"none"
"392",3000030,4874,5,6,90210,2018,20115,3063109,TRUE,TRUE,"Canyon"
"393",12500000,6983,5,7,90210,2014,52568,5688758,TRUE,TRUE,"none"
"394",8300083,NA,6,6,90210,2010,20942,5242000,TRUE,TRUE,"none"
"395",12200122,7942,6,8,90210,2018,47644,10200000,TRUE,TRUE,"none"
"396",9328593,4460,4,4,90210,2019,23267,5375922,FALSE,TRUE,"Canyon"
"397",9100000,5300,5,6,90210,2014,48797,8197601,TRUE,TRUE,"none"
"398",7050070,5557,6,5,90210,2018,16327,6150000,TRUE,TRUE,"none"
"399",2100021,3238,4,4,90210,2010,13595,1532628,TRUE,TRUE,"none"
"400",19000000,6951,5,6,90210,2015,56099,6673647,TRUE,FALSE,"none"
"401",20000200,NA,5,6,90210,2018,24504,836535,TRUE,TRUE,"none"
"402",11650116,9163,5,7,90210,2016,27102,4545933,TRUE,TRUE,"none"
"403",4175041,NA,3,3,90210,2019,38106,6258374,TRUE,FALSE,"none"
"404",2750027,3100,3,4,90210,2017,6153,2391900,TRUE,TRUE,"none"
"405",20000200,8165,6,7,90210,2017,26725,8223062,TRUE,TRUE,"none"
"406",3525035,3336,4,4,90210,2015,14048,3060987,TRUE,TRUE,"none"
"407",19000190,5800,3,5,90210,2015,49634,19889609,TRUE,TRUE,"none"
"408",2450024,3482,3,5,90210,2012,6254,1827632,TRUE,TRUE,"none"
"409",21550215,11277,5,6,90210,2014,54061,17144115,TRUE,TRUE,"none"
"410",5583555,NA,9,10,90210,2013,43682,2702835,TRUE,TRUE,"none"
"411",7100071,7345,6,7,90210,2010,27941,9254794,TRUE,TRUE,"none"
"412",9550095,5997,3,6,90210,2013,41058,3693456,TRUE,FALSE,"none"
"413",2450000,3597,5,4,90210,2009,11585,3000000,TRUE,FALSE,"none"
"414",8275082,8324,5,7,90210,2013,25933,5280900,TRUE,FALSE,"none"
"415",2150021,2384,3,3,90210,2018,8185,973752,TRUE,TRUE,"none"
"416",20000200,11838,4,8,90210,2018,44358,15584532,TRUE,TRUE,"none"
"417",5831558,4169,7,5,90210,2016,12534,386628,TRUE,TRUE,"none"
"418",2225022,4502,5,6,90210,2015,10303,1240474,TRUE,TRUE,"none"
"419",15874658,11221,5,7,90210,2013,46193,9228800,TRUE,TRUE,"City"
"420",8500085,5962,6,6,90210,2014,28069,2012823,TRUE,TRUE,"none"
"421",11500115,11571,6,10,90210,2013,28198,9423000,TRUE,TRUE,"none"
"422",6550065,5816,5,8,90210,2017,22769,2596194,TRUE,TRUE,"none"
"423",3480034,3568,3,3,90210,2019,13796,2074347,FALSE,TRUE,"none"
"424",6500000,5376,5,5,90210,2013,21441,455896,TRUE,TRUE,"none"
"425",4650046,4859,4,3,90210,2019,7202,3876207,TRUE,TRUE,"none"
"426",4450044,3404,2,4,90210,2017,75966,4706348,FALSE,TRUE,"none"
"427",1275012,2683,2,3,90210,2013,17284,300158,TRUE,FALSE,"none"
"428",5295052,6875,4,6,90210,2012,17375,1473624,TRUE,TRUE,"Canyon"
"429",10300103,4171,4,4,90210,2015,17554,3060986,TRUE,TRUE,"none"
"430",2725027,3927,4,6,90210,2018,6004,1749386,TRUE,TRUE,"none"
"431",7300000,5346,6,5,90210,2013,14807,5383563,TRUE,TRUE,"none"
"432",11800618,7735,8,8,90210,2013,53519,10634928,TRUE,TRUE,"none"
"433",7300000,6643,6,6,90210,2011,34071,7700000,TRUE,TRUE,"none"
"434",5085550,4139,4,4,90210,2016,8988,2412129,TRUE,TRUE,"none"
"435",5700057,4748,4,4,90210,2012,28128,432652,TRUE,FALSE,"none"
"436",6000060,3038,3,3,90210,2014,22330,385973,TRUE,TRUE,"none"
"437",5316053,4223,5,5,90210,2016,16080,572709,TRUE,TRUE,"none"
"438",16500000,10379,11,11,90210,2014,39911,10438500,TRUE,TRUE,"none"
"439",10400104,6412,3,4,90210,2016,39841,512566,TRUE,TRUE,"none"
"440",9094590,7624,6,9,90210,2018,34243,11751425,TRUE,TRUE,"none"
"441",4335043,NA,5,7,90210,2016,22022,1610152,TRUE,TRUE,"none"
"442",9700097,NA,4,6,90210,2017,25588,484785,TRUE,TRUE,"City"
"443",9000090,6458,6,9,90210,2014,26178,16574910,TRUE,FALSE,"none"
"444",2850028,1547,2,3,90210,2017,15805,2100000,TRUE,FALSE,"none"
"445",10170101,5357,4,5,90210,2014,33678,581876,TRUE,TRUE,"none"
"446",2925029,4398,4,4,90210,2011,9577,1901433,TRUE,TRUE,"none"
"447",10200102,6526,4,6,90210,2019,33732,10587470,FALSE,TRUE,"none"
"448",17800178,7347,7,9,90210,2018,24133,837115,TRUE,TRUE,"none"
"449",2095020,3999,3,4,90210,2011,18796,435593,TRUE,TRUE,"none"
"450",6282562,7613,5,8,90210,2012,19280,7000000,TRUE,TRUE,"none"
"451",3495034,3388,4,4,90210,2016,17318,299228,TRUE,FALSE,"none"
"452",6150000,5480,3,5,90210,2012,32590,3501054,TRUE,TRUE,"none"
"453",14900149,3752,3,4,90210,2019,28255,12970899,FALSE,TRUE,"Water"
"454",6150061,4477,4,4,90210,2013,20260,4869007,TRUE,TRUE,"none"
"455",17000170,NA,7,10,90210,2012,48632,16147607,TRUE,TRUE,"none"
"456",12500125,19531,5,13,90210,2011,59682,1144006,FALSE,TRUE,"none"
"457",2360023,3405,4,4,90210,2014,14441,1560616,TRUE,TRUE,"none"
"458",2100021,3018,3,4,90210,2012,6259,1614313,TRUE,FALSE,"none"
"459",12000120,NA,7,8,90210,2011,31297,8656403,TRUE,TRUE,"none"
"460",4080040,4993,6,5,90210,2019,23095,1459446,FALSE,TRUE,"none"
"461",10875108,7638,5,7,90210,2015,30629,7955844,TRUE,TRUE,"none"
"462",23079730,9068,5,10,90210,2011,80901,14749000,TRUE,TRUE,"none"
"463",3250032,3577,4,4,90210,2010,26869,1855237,TRUE,TRUE,"none"
"464",10300103,6415,6,7,90210,2015,15120,4833139,TRUE,TRUE,"none"
"465",3299032,4929,4,4,90210,2016,17528,3469040,TRUE,TRUE,"none"
"466",12019120,5577,4,7,90210,2017,36107,2800441,TRUE,TRUE,"none"
"467",7500000,12324,6,12,90210,2009,27545,5724928,TRUE,TRUE,"none"
"468",6000060,3292,4,4,90210,2018,30261,2839054,TRUE,TRUE,"none"
"469",8000080,5177,5,6,90210,2018,26483,1639630,TRUE,TRUE,"none"
"470",16500165,6244,5,9,90210,2016,58639,9086815,TRUE,TRUE,"none"
"471",42500425,10376,7,8,90210,2019,45699,33901000,TRUE,TRUE,"none"
"472",4800048,5214,6,7,90210,2017,26297,4600000,TRUE,FALSE,"City"
"473",25000250,7413,5,8,90210,2017,43437,6798706,TRUE,TRUE,"none"
"474",9300093,4573,4,6,90210,2015,23763,461972,TRUE,TRUE,"none"
"475",12544125,11326,6,10,90210,2008,54800,10143900,TRUE,TRUE,"none"
"476",8750087,6511,5,6,90210,2011,74919,8261746,TRUE,TRUE,"none"
"477",6000060,7232,6,8,90210,2013,14023,2581102,TRUE,FALSE,"none"
"478",2015020,3098,3,4,90210,2013,6014,2037509,TRUE,FALSE,"none"
"479",3825038,4642,5,6,90210,2018,14911,507484,TRUE,TRUE,"none"
"480",4100041,4133,4,5,90210,2012,20512,423466,TRUE,TRUE,"none"
"481",14450144,5084,3,4,90210,2018,38725,14892000,TRUE,TRUE,"none"
"482",5500055,5119,4,6,90210,2015,58149,4079919,TRUE,TRUE,"none"
"483",1700017,3194,4,4,90210,2011,18180,425468,TRUE,FALSE,"none"
"484",3975039,4836,4,5,90210,2011,14458,392181,TRUE,TRUE,"none"
"485",6850000,4872,5,6,90210,2014,30697,5750000,TRUE,TRUE,"none"
"486",2860028,4025,4,3,90210,2009,15106,3400000,TRUE,TRUE,"none"
"487",5000050,NA,3,4,90210,2012,20093,3375000,TRUE,TRUE,"none"
"488",12750127,5000,4,6,90210,2018,39947,373926,TRUE,TRUE,"City"
"489",5694556,NA,4,6,90210,2011,31776,5040000,TRUE,TRUE,"none"
"490",8900089,5991,9,8,90210,2014,47802,445946,TRUE,TRUE,"none"
"491",19000190,9857,5,7,90210,2019,42044,14544496,TRUE,TRUE,"none"
"492",14049000,NA,6,8,90210,2013,31537,8011183,TRUE,TRUE,"none"
"493",12300123,5738,5,7,90210,2018,35638,3075953,TRUE,TRUE,"none"
"494",5485054,4151,4,5,90210,2019,14649,6000000,TRUE,TRUE,"none"
"495",3778037,7440,6,7,90210,2014,14695,1449027,TRUE,TRUE,"none"
"496",6600066,5216,5,5,90210,2013,38137,696283,TRUE,TRUE,"none"
"497",7200072,4120,4,5,90210,2013,31380,2358672,TRUE,TRUE,"none"
"498",14000140,4927,2,5,90210,2018,28819,6764133,TRUE,TRUE,"none"
"499",3680000,3409,5,4,90210,2010,19548,4487532,TRUE,TRUE,"none"
"500",5800058,5756,4,6,90210,2013,20299,534804,TRUE,TRUE,"none"
"501",9730097,6495,5,7,90210,2018,28700,6731107,TRUE,FALSE,"none"
"502",6000060,4837,5,5,90210,2017,14480,1874534,TRUE,TRUE,"none"
"503",17500175,15404,6,11,90210,2011,63737,7590843,TRUE,FALSE,"none"
"504",7725000,6141,5,7,90210,2014,17643,6500000,TRUE,FALSE,"none"
"505",7400074,8047,6,8,90210,2012,15313,6853760,TRUE,TRUE,"none"
"506",23000230,NA,4,9,90210,2016,31702,5785320,TRUE,TRUE,"none"
"507",5575055,2709,3,4,90210,2019,12234,3675193,FALSE,TRUE,"none"
"508",8800088,7299,5,6,90210,2013,26326,2104433,TRUE,TRUE,"City"
"509",11500000,5880,5,7,90210,2015,50427,627978,TRUE,TRUE,"none"
"510",2226022,3255,3,4,90210,2011,14073,2216566,TRUE,FALSE,"none"
"511",7100071,4971,3,5,90210,2018,22097,6109773,TRUE,TRUE,"none"
"512",3750037,2416,3,4,90210,2015,16229,4436269,TRUE,TRUE,"City"
"513",9500095,5633,3,5,90210,2016,24997,3896139,TRUE,TRUE,"none"
"514",4400044,2820,4,4,90210,2017,22681,3995000,TRUE,FALSE,"none"
"515",27500275,15689,6,10,90210,2019,39458,20434675,TRUE,TRUE,"none"
"516",3250000,4615,4,5,90210,2012,15429,394183,TRUE,TRUE,"none"
"517",3522035,3183,3,4,90210,2015,41628,1672234,FALSE,TRUE,"none"
"518",23000230,NA,9,8,90210,2013,89504,11071532,TRUE,TRUE,"none"
"519",4900049,3430,7,4,90210,2008,17305,335348,TRUE,TRUE,"none"
"520",3100031,3418,4,3,90210,2009,15070,2315542,TRUE,TRUE,"none"
"521",10700107,8032,7,9,90210,2014,20190,6409999,TRUE,TRUE,"none"
"522",8950089,4691,4,5,90210,2015,23661,1182685,TRUE,TRUE,"none"
"523",13700137,10309,6,10,90210,2019,22093,7459729,FALSE,TRUE,"none"
"524",7100000,NA,3,6,90210,2012,22667,5983987,TRUE,TRUE,"none"
"525",6895068,4251,4,5,90210,2017,20046,6112100,TRUE,TRUE,"none"
"526",10350103,7524,8,7,90210,2017,46123,504282,TRUE,FALSE,"none"
"527",33000330,9519,6,10,90210,2016,36357,32101575,TRUE,FALSE,"Water"
"528",15975159,NA,5,7,90210,2010,30022,13464000,TRUE,TRUE,"none"
"529",18200182,5889,5,8,90210,2012,37438,7433253,TRUE,TRUE,"none"
"530",3550000,NA,3,4,90210,2012,28529,382081,TRUE,TRUE,"none"
"531",7650076,8956,7,9,90210,2012,22127,4938417,TRUE,TRUE,"none"
"532",6300063,4434,4,5,90210,2012,20238,622474,TRUE,TRUE,"none"
"533",10000000,10165,8,11,90210,2009,52208,1063941,TRUE,TRUE,"none"
"534",19920199,10656,4,8,90210,2017,31961,6418436,TRUE,TRUE,"none"
"535",2850028,2611,3,3,90210,2011,17504,264471,TRUE,TRUE,"none"
"536",13000000,NA,4,9,90210,2009,38208,6465113,TRUE,TRUE,"City"
"537",6895068,3724,4,5,90210,2009,13551,2183586,TRUE,TRUE,"none"
"538",2750000,4604,5,6,90210,2011,17942,2392751,TRUE,TRUE,"none"
"539",6350000,3610,4,5,90210,2013,44938,5380500,TRUE,TRUE,"none"
"540",4293042,NA,5,8,90210,2014,14138,332060,TRUE,TRUE,"none"
"541",7455000,6586,5,6,90210,2008,22153,669763,TRUE,TRUE,"none"
"542",4350000,4470,5,5,90210,2014,9433,2687700,TRUE,TRUE,"none"
"543",4400044,3114,4,4,90210,2013,13365,2550000,TRUE,TRUE,"none"
"544",6006060,3669,4,4,90210,2018,16892,1133622,TRUE,FALSE,"none"
"545",4600046,2882,3,5,90210,2017,19843,1062555,TRUE,TRUE,"none"
"546",4716547,NA,4,5,90210,2008,35725,4165241,TRUE,TRUE,"none"
"547",7605076,6057,5,6,90210,2013,28826,1477231,TRUE,TRUE,"none"
"548",12500125,5437,5,6,90210,2010,29012,8905980,TRUE,FALSE,"none"
"549",11800118,9329,6,6,90210,2012,50910,12342242,TRUE,TRUE,"City"
"550",4450044,NA,3,4,90210,2015,13111,3063846,TRUE,FALSE,"none"
"551",3400034,3764,4,5,90210,2019,14907,360876,FALSE,FALSE,"none"
"552",8950089,5495,5,5,90210,2014,20750,5097960,TRUE,TRUE,"none"
"553",18335183,6981,5,5,90210,2016,27362,9414563,TRUE,TRUE,"none"
"554",1892500,3463,4,5,90210,2011,5691,787689,TRUE,TRUE,"none"
"555",5945059,4495,4,5,90210,2018,20635,567955,TRUE,TRUE,"none"
"556",25000250,10982,12,8,90210,2015,84412,2065082,TRUE,TRUE,"none"
"557",10700107,8743,6,9,90210,2015,36910,1119178,TRUE,TRUE,"none"
"558",13000130,8011,4,6,90210,2013,24253,10954317,TRUE,TRUE,"none"
"559",3800038,2750,2,3,90210,2019,15477,609125,FALSE,FALSE,"none"
"560",33142831,11497,6,10,90210,2018,55821,21430465,TRUE,TRUE,"City"
"561",4189000,8838,6,8,90210,2012,14286,1061333,FALSE,TRUE,"none"
"562",3495034,2429,3,4,90210,2016,22077,281004,TRUE,FALSE,"none"
"563",3000030,3717,3,5,90210,2009,20277,498110,TRUE,TRUE,"none"
"564",6620066,4441,5,7,90210,2017,14221,3106602,TRUE,TRUE,"none"
"565",12900129,NA,5,9,90210,2016,31623,5805351,TRUE,TRUE,"none"
"566",27625276,6872,6,7,90210,2018,26735,8349725,TRUE,TRUE,"none"
"567",12250122,6456,7,9,90210,2017,29970,667683,TRUE,TRUE,"none"
"568",9400094,12016,6,9,90210,2013,32163,5880733,TRUE,TRUE,"none"
"569",15850158,7636,5,8,90210,2016,50770,10517891,TRUE,TRUE,"City"
"570",5250052,NA,2,3,90210,2010,16424,2695466,TRUE,FALSE,"none"
"571",15500155,4965,4,5,90210,2016,48923,3086796,TRUE,TRUE,"none"
"572",4550000,6006,7,6,90210,2012,14151,1465390,TRUE,TRUE,"none"
"573",15700157,14609,5,8,90210,2011,37575,17807694,TRUE,TRUE,"none"
"574",8200082,6311,4,6,90210,2010,20011,6700000,TRUE,TRUE,"none"
"575",3850000,3996,4,6,90210,2008,27230,371458,TRUE,TRUE,"none"
"576",2625026,3442,3,4,90210,2008,16960,2024444,TRUE,TRUE,"none"
"577",8000080,7841,4,7,90210,2011,45047,434366,TRUE,TRUE,"none"
"578",8000080,9645,5,8,90210,2015,24427,12657203,TRUE,FALSE,"City"
"579",27500275,10909,5,8,90210,2013,77690,10367154,TRUE,TRUE,"City"
"580",10274102,9663,4,6,90210,2011,29363,1887195,TRUE,TRUE,"none"
"581",4800048,2615,3,3,90210,2016,15139,2890749,TRUE,TRUE,"none"
"582",5925059,3696,5,5,90210,2014,14757,467659,TRUE,TRUE,"none"
"583",6100061,6190,4,9,90210,2012,15250,5126224,FALSE,TRUE,"City"
"584",10600106,NA,7,7,90210,2013,42101,7700000,TRUE,TRUE,"none"
"585",6245562,5678,5,5,90210,2013,17006,529183,TRUE,TRUE,"none"
"586",6500065,5645,6,6,90210,2009,22901,503011,TRUE,TRUE,"none"
"587",5450054,3856,4,4,90210,2013,17464,372275,TRUE,TRUE,"none"
"588",7900079,4144,4,7,90210,2019,15332,2416249,FALSE,TRUE,"none"
"589",7500500,5392,6,6,90210,2014,24847,1991886,TRUE,TRUE,"none"
"590",7000070,4228,4,6,90210,2017,20636,784331,TRUE,TRUE,"none"
"591",10500105,10042,6,7,90210,2012,19038,2691533,TRUE,TRUE,"none"
"592",23000230,16733,6,9,90210,2010,66966,10984568,TRUE,TRUE,"none"
"593",6210062,5351,5,7,90210,2009,31377,7032624,TRUE,TRUE,"none"
"594",4855048,NA,4,5,90210,2013,14990,440435,TRUE,TRUE,"none"
"595",12755127,NA,9,10,90210,2019,22914,7941238,FALSE,TRUE,"none"
"596",5475054,2626,4,3,90210,2018,13120,6175000,TRUE,TRUE,"none"
"597",8100081,7180,5,6,90210,2014,24838,4852907,TRUE,TRUE,"none"
"598",13200132,11397,7,11,90210,2019,29428,10597477,FALSE,TRUE,"none"
"599",4500045,6392,5,6,90210,2010,18512,3150909,TRUE,TRUE,"none"
"600",8950089,6787,5,7,90210,2019,14556,3505323,FALSE,TRUE,"none"
"601",6200062,NA,2,2,90210,2019,13091,386738,FALSE,FALSE,"none"
"602",6180061,11117,4,6,90210,2013,27641,1973052,TRUE,TRUE,"none"
"603",3755000,3144,6,4,90210,2011,16786,390356,TRUE,TRUE,"none"
"604",9600096,7744,7,7,90210,2015,21959,2181910,TRUE,TRUE,"none"
"605",4050000,4547,5,5,90210,2012,13543,2023720,TRUE,TRUE,"none"
"606",7252072,9754,6,7,90210,2013,14050,3962235,TRUE,TRUE,"none"
"607",8540085,8766,7,8,90210,2014,20206,8206655,TRUE,TRUE,"none"
"608",4500000,4848,4,6,90210,2010,15542,699069,TRUE,TRUE,"none"
"609",6000060,4663,4,5,90210,2011,23298,493182,TRUE,TRUE,"none"
"610",5650056,3930,4,5,90210,2008,20355,396615,TRUE,FALSE,"none"
"611",9350093,NA,4,6,90210,2016,28003,788366,TRUE,TRUE,"none"
"612",7800000,11679,5,8,90210,2009,45999,9417158,TRUE,TRUE,"City"
"613",22000220,4820,2,4,90210,2018,45950,4649123,TRUE,FALSE,"none"
"614",2665000,5134,5,5,90210,2011,13432,509958,TRUE,FALSE,"none"
"615",3085030,4886,4,4,90210,2011,20504,406424,TRUE,TRUE,"none"
"616",10950109,9405,7,9,90210,2008,36433,8843400,TRUE,TRUE,"none"
"617",8350083,NA,5,5,90210,2017,23320,2382947,TRUE,TRUE,"none"
"618",11945119,3809,3,4,90210,2016,34929,3122490,TRUE,TRUE,"none"
"619",2500025,2256,2,3,90210,2019,18933,309302,FALSE,TRUE,"none"
"620",7500000,2990,3,4,90210,2015,16376,3422778,TRUE,TRUE,"none"
"621",30000300,10380,5,8,90210,2019,30248,7855389,FALSE,TRUE,"none"
"622",14520145,9138,6,8,90210,2012,46099,8056207,TRUE,TRUE,"none"
"623",3385033,2967,3,4,90210,2013,14779,334334,TRUE,TRUE,"none"
"624",9625096,3476,4,5,90210,2015,32698,2908754,TRUE,TRUE,"none"
"625",8675586,4133,4,4,90210,2018,24660,443953,TRUE,TRUE,"none"
"626",10600106,11369,7,11,90210,2014,26006,8742271,TRUE,TRUE,"none"
"627",4225000,2608,2,3,90210,2012,15564,1952593,FALSE,TRUE,"none"
"628",4080000,5078,3,4,90210,2011,32266,2776000,TRUE,TRUE,"none"
"629",16200162,3007,3,4,90210,2016,24736,460365,TRUE,TRUE,"none"
"630",5850000,12800,7,9,90210,2013,33194,437309,TRUE,TRUE,"none"
"631",16200162,6066,6,6,90210,2017,35928,1227198,TRUE,TRUE,"none"
"632",5490000,5476,6,5,90210,2011,18555,471693,TRUE,TRUE,"none"
"633",8255082,5296,7,4,90210,2018,16781,2434391,TRUE,TRUE,"none"
"634",19850198,NA,3,5,90210,2019,16436,725474,FALSE,TRUE,"none"
"635",2836028,4512,5,5,90210,2010,12811,3471000,TRUE,TRUE,"none"
"636",6945569,NA,7,7,90210,2013,23641,5278500,TRUE,TRUE,"none"
"637",6567565,6840,6,7,90210,2013,25069,4300351,TRUE,TRUE,"none"
"638",7300073,7280,6,5,90210,2010,18502,3379533,TRUE,TRUE,"none"
"639",7500075,4120,2,4,90210,2017,14794,5822858,TRUE,TRUE,"none"
"640",8500085,3299,6,3,90210,2014,34875,6450480,TRUE,FALSE,"none"
"641",9826098,6690,8,6,90210,2014,43952,680897,TRUE,TRUE,"none"
"642",7100071,4514,5,5,90210,2017,14383,3225983,TRUE,TRUE,"none"
"643",3875038,5882,8,8,90210,2011,13154,2986610,TRUE,TRUE,"none"
"644",10500105,8888,5,6,90210,2019,23421,6062425,FALSE,TRUE,"none"
"645",9465094,13733,12,12,90210,2016,29112,5907170,TRUE,FALSE,"none"
"646",5900059,4155,4,4,90210,2012,15366,4300000,FALSE,TRUE,"none"
"647",4200000,6865,5,9,90210,2009,16464,1170564,TRUE,TRUE,"none"
"648",8050080,4170,4,5,90210,2016,18270,1690251,TRUE,TRUE,"none"
"649",12150121,8298,4,8,90210,2013,23479,6574492,TRUE,TRUE,"none"
"650",4695546,5856,6,8,90210,2015,22723,2875448,TRUE,TRUE,"none"
"651",7495074,5333,7,4,90210,2014,18421,4832634,TRUE,TRUE,"none"
"652",5650000,4352,4,4,90210,2014,23968,491743,TRUE,FALSE,"none"
"653",8323583,5352,5,6,90210,2019,18876,1465241,FALSE,TRUE,"none"
"654",10050100,7638,6,8,90210,2015,24838,6382202,TRUE,TRUE,"none"
"655",17126171,11588,5,7,90210,2018,29835,16320000,TRUE,TRUE,"none"
"656",10000000,8434,6,8,90210,2010,21214,6926000,TRUE,TRUE,"none"
"657",8000080,NA,6,7,90210,2014,15706,4624031,TRUE,TRUE,"none"
"658",8800088,6785,6,7,90210,2019,20084,5767378,FALSE,TRUE,"none"
"659",25500255,10525,6,9,90210,2017,22570,16051100,TRUE,TRUE,"none"
"660",8843088,4778,5,4,90210,2015,14702,6345863,TRUE,FALSE,"none"
"661",7500075,4713,4,5,90210,2016,15357,651240,TRUE,TRUE,"none"
"662",10100101,6736,5,5,90210,2014,22429,5798355,TRUE,TRUE,"none"
"663",8100081,4534,5,6,90210,2014,20110,4671110,TRUE,TRUE,"none"
"664",11200112,NA,4,6,90210,2016,19135,4094456,TRUE,TRUE,"none"
"665",12000000,NA,12,11,90210,2014,60633,1083383,TRUE,TRUE,"none"
"666",10579105,7926,7,5,90210,2016,16399,5500000,TRUE,TRUE,"none"
"667",7580075,8394,5,7,90210,2010,23902,7883024,TRUE,TRUE,"none"
"668",10200102,9781,5,6,90210,2012,37389,6303086,TRUE,TRUE,"none"
"669",24900249,6033,3,8,90210,2017,29696,7534160,TRUE,TRUE,"none"
"670",6300063,6854,6,8,90210,2011,16358,5507316,TRUE,TRUE,"none"
"671",7950079,5293,6,7,90210,2017,19411,6435575,TRUE,TRUE,"none"
"672",23500235,10288,7,7,90210,2018,50606,6129508,TRUE,TRUE,"none"
"673",7800078,5008,5,7,90210,2016,16180,595650,TRUE,TRUE,"none"
"674",9600096,5645,5,4,90210,2015,18778,2735386,TRUE,TRUE,"none"
"675",9200092,5180,5,4,90210,2013,18647,9156545,TRUE,FALSE,"none"
"676",6500065,NA,3,4,90210,2012,29465,5121000,TRUE,TRUE,"none"
"677",10200102,NA,5,6,90210,2017,18128,6865592,FALSE,TRUE,"none"
"678",27000270,NA,6,8,90210,2018,31197,10770637,TRUE,TRUE,"none"
"679",10025100,9119,6,9,90210,2013,37927,9500000,TRUE,TRUE,"none"
"680",5300053,NA,4,7,90210,2011,13502,5156740,TRUE,TRUE,"none"
"681",4700047,NA,6,5,90210,2011,20138,2575338,TRUE,TRUE,"none"
"682",36000360,12217,7,14,90210,2015,58462,30191407,TRUE,FALSE,"none"
"683",6700000,11656,5,9,90210,2012,14793,7604610,TRUE,TRUE,"none"
"684",4225042,4807,6,4,90210,2011,16455,414277,FALSE,TRUE,"none"
"685",9000090,5269,6,5,90210,2016,30026,4481463,TRUE,TRUE,"none"
"686",4211542,6780,8,7,90210,2010,25631,4817000,TRUE,TRUE,"none"
"687",8650086,6185,7,7,90210,2014,20099,6274496,TRUE,TRUE,"none"
"688",31000310,11540,6,10,90210,2015,28767,11592871,TRUE,TRUE,"none"
"689",5550055,5901,5,6,90210,2012,15293,2204360,TRUE,TRUE,"none"
"690",11918619,8094,6,7,90210,2015,22823,3761965,TRUE,TRUE,"none"
"691",9700000,5977,4,4,90210,2011,25848,6159153,TRUE,TRUE,"none"
"692",7515075,6562,6,5,90210,2012,19037,4728615,TRUE,TRUE,"none"
"693",9150091,5650,5,6,90210,2018,14696,2064332,TRUE,TRUE,"none"
"694",7300073,NA,6,7,90210,2008,17278,3419468,FALSE,TRUE,"none"
"695",5600056,10529,5,5,90210,2008,16990,359285,FALSE,TRUE,"none"
"696",4440000,5010,4,4,90210,2009,14889,3678882,TRUE,TRUE,"none"
"697",20100201,8790,7,5,90210,2017,48493,23858374,TRUE,TRUE,"none"
"698",3452034,2440,4,3,90210,2009,15404,309354,TRUE,FALSE,"none"
"699",21000210,18577,6,10,90210,2016,39433,9339491,TRUE,TRUE,"none"
"700",6400064,NA,5,4,90210,2016,14035,372857,TRUE,TRUE,"none"
"701",2735500,3633,4,4,90210,2011,17993,3320020,TRUE,TRUE,"none"
"702",4750047,4071,3,3,90210,2017,15692,5017163,TRUE,TRUE,"none"
"703",8800088,10047,5,10,90210,2013,19141,4977811,TRUE,TRUE,"none"
"704",15400154,6766,5,8,90210,2013,45128,5062496,TRUE,TRUE,"none"
"705",6880068,7393,6,6,90210,2012,16475,5847988,TRUE,TRUE,"none"
"706",16700167,10944,6,9,90210,2018,49917,4681291,TRUE,TRUE,"none"
"707",7950079,NA,3,2,90210,2013,22938,1653265,TRUE,TRUE,"none"
"708",9400094,NA,7,6,90210,2015,22672,665987,TRUE,TRUE,"none"
"709",4250042,3296,5,3,90210,2016,16612,435802,TRUE,TRUE,"none"
"710",8000080,3432,4,4,90210,2014,24169,4650000,TRUE,TRUE,"none"
"711",13500135,5395,5,6,90210,2019,29294,8263378,FALSE,TRUE,"none"
"712",7840078,4565,4,5,90210,2015,33977,2452291,TRUE,TRUE,"none"
"713",4676500,4068,4,5,90210,2011,15677,2136405,TRUE,TRUE,"none"
"714",6300063,3554,6,4,90210,2012,36006,3083626,FALSE,TRUE,"none"
"715",12100121,5515,7,4,90210,2014,17246,3713504,TRUE,TRUE,"none"
"716",3635536,4400,4,4,90210,2011,16998,3446818,TRUE,TRUE,"none"
"717",34650346,5484,7,8,90210,2019,39163,9162422,FALSE,TRUE,"none"
"718",3050030,3307,5,4,90210,2012,13685,381003,TRUE,TRUE,"none"
"719",3750000,3024,5,5,90210,2011,14696,370262,TRUE,TRUE,"none"
"720",5200052,4423,6,3,90210,2013,13963,564107,TRUE,TRUE,"none"
"721",15600156,9200,7,8,90210,2017,21980,12081475,TRUE,TRUE,"none"
"722",8000080,11012,7,10,90210,2013,27778,5998348,TRUE,TRUE,"none"
"723",3626000,3221,4,4,90210,2011,14255,344428,TRUE,FALSE,"none"
"724",15025150,6743,4,6,90210,2016,22416,11140925,TRUE,TRUE,"none"
"725",8000080,12237,7,10,90210,2012,18085,11000000,TRUE,TRUE,"none"
"726",4370000,3448,3,3,90210,2012,16394,373765,TRUE,FALSE,"none"
"727",5425054,4513,5,4,90210,2013,16213,3668818,TRUE,TRUE,"none"
"728",9350000,8450,6,6,90210,2015,22342,4113354,TRUE,TRUE,"none"
"729",4126041,3735,5,3,90210,2012,15575,3585000,TRUE,FALSE,"none"
"730",5400000,3512,4,5,90210,2008,18587,398900,FALSE,TRUE,"none"
"731",9500095,10442,6,6,90210,2009,30974,10350100,TRUE,TRUE,"none"
"732",18250182,9142,5,6,90210,2017,35619,6545123,TRUE,TRUE,"none"
"733",9800098,4608,6,3,90210,2017,14449,8054634,TRUE,TRUE,"none"
"734",6645066,6537,8,5,90210,2013,30998,695612,TRUE,TRUE,"none"
"735",10350103,6138,5,5,90210,2019,16548,8825000,TRUE,TRUE,"none"
"736",5550055,NA,6,7,90210,2012,14376,3465860,TRUE,FALSE,"none"
"737",6100061,13139,4,9,90210,2008,21963,448443,TRUE,TRUE,"none"
"738",4214500,4314,6,7,90210,2011,17226,2774393,TRUE,TRUE,"none"
"739",16275162,16470,7,9,90210,2012,27431,8605676,TRUE,FALSE,"none"
"740",11240112,5157,5,6,90210,2019,20545,3786100,FALSE,TRUE,"none"
"741",11298112,8710,5,8,90210,2018,19266,5269298,TRUE,TRUE,"none"
"742",3300033,NA,6,9,90210,2011,14082,3400000,TRUE,FALSE,"none"
"743",8100081,6970,4,6,90210,2016,16527,1026227,TRUE,TRUE,"none"
"744",6856068,NA,5,9,90210,2013,18001,4849279,TRUE,TRUE,"none"
"745",7150071,6299,4,6,90210,2019,16383,6181613,FALSE,TRUE,"none"
"746",6000060,5721,7,7,90210,2011,26930,6586000,TRUE,TRUE,"none"
"747",10300103,4772,5,4,90210,2016,26040,7322533,TRUE,TRUE,"none"
"748",13750137,9276,5,6,90210,2015,29578,3900923,TRUE,TRUE,"none"
"749",6632566,NA,4,5,90210,2018,12340,6400000,TRUE,FALSE,"none"
"750",6300063,7618,5,5,90210,2012,21084,2914144,TRUE,TRUE,"none"
"751",6400000,5810,4,5,90210,2014,17604,2087661,TRUE,TRUE,"none"
"752",7495074,4471,5,5,90210,2015,14099,3013886,TRUE,TRUE,"none"
"753",9200000,8752,4,4,90210,2015,16416,3928671,TRUE,TRUE,"none"
"754",5764500,8026,6,6,90210,2012,21674,2991200,TRUE,TRUE,"none"
"755",6686066,6155,4,4,90210,2014,11861,4193521,TRUE,TRUE,"none"
"756",5606556,4735,4,6,90210,2012,16071,2481467,TRUE,TRUE,"none"
"757",9100091,8804,4,7,90210,2011,30306,9030382,TRUE,TRUE,"none"
"758",6315063,NA,6,6,90210,2015,14700,467125,TRUE,FALSE,"none"
"759",7850078,6006,7,6,90210,2014,20856,7026756,TRUE,TRUE,"none"
"760",7900000,NA,8,12,90210,2014,21231,5949956,TRUE,TRUE,"none"
"761",4000000,4089,4,4,90210,2011,17088,375093,TRUE,TRUE,"none"
"762",5383553,4287,4,4,90210,2015,13604,415328,TRUE,FALSE,"none"
"763",5678056,4049,4,5,90210,2014,12525,4500000,TRUE,TRUE,"none"
"764",9000090,5690,7,8,90210,2012,17622,4284000,TRUE,TRUE,"none"
"765",5800000,2894,4,3,90210,2016,12933,344712,TRUE,FALSE,"none"
"766",6200062,5075,5,6,90210,2014,12254,2294783,FALSE,TRUE,"none"
"767",12600126,5588,5,7,90210,2012,22417,4228174,TRUE,TRUE,"none"
"768",6460064,3975,4,5,90210,2014,14590,4056766,TRUE,TRUE,"none"
"769",6700067,NA,4,5,90210,2015,16539,5151700,TRUE,TRUE,"none"
"770",15210152,7645,6,8,90210,2018,53296,7730541,TRUE,TRUE,"none"
"771",10830108,7909,5,5,90210,2014,23710,4803698,TRUE,TRUE,"none"
"772",6300063,6001,5,5,90210,2011,20349,6201585,TRUE,TRUE,"none"
"773",4689546,3273,4,4,90210,2015,14610,4300000,TRUE,TRUE,"none"
"774",5250052,5046,5,5,90210,2013,15492,2217019,TRUE,TRUE,"none"
"775",9650096,NA,5,7,90210,2019,14926,4718799,FALSE,TRUE,"none"
"776",12995129,5602,5,7,90210,2015,16600,5008382,TRUE,TRUE,"none"
"777",9080090,4600,5,5,90210,2017,16216,2390805,TRUE,TRUE,"none"
"778",7200072,4600,6,6,90210,2015,23668,1921739,FALSE,TRUE,"none"
"779",5225052,2740,3,3,90210,2015,13619,1149569,TRUE,FALSE,"none"
"780",6700067,4931,6,5,90210,2014,12251,4713301,TRUE,TRUE,"none"
"781",7300073,3636,5,5,90210,2018,15612,419062,TRUE,TRUE,"none"
"782",7875078,5178,6,6,90210,2012,19515,5436000,TRUE,TRUE,"none"
"783",15300153,NA,5,6,90210,2019,25589,2748035,FALSE,FALSE,"none"
"784",20900209,19194,8,13,90210,2016,26408,13682665,TRUE,TRUE,"none"
"785",6182561,3473,2,4,90210,2019,13789,636546,FALSE,TRUE,"none"
"786",5592555,4972,7,7,90210,2013,18171,2908733,TRUE,TRUE,"none"
"787",9590595,6270,5,8,90210,2016,19514,5547966,TRUE,TRUE,"none"
"788",4900049,2892,4,3,90210,2019,14300,1811827,FALSE,FALSE,"none"
"789",8100000,6724,6,8,90210,2010,36165,884762,TRUE,TRUE,"none"
"790",6750067,NA,7,8,90210,2016,17051,2512353,TRUE,TRUE,"none"
"791",7250000,7844,5,4,90210,2012,16904,3898000,TRUE,TRUE,"none"
"792",17250172,2021,2,3,90210,2012,16209,6781656,TRUE,TRUE,"none"
"793",15262152,4976,4,6,90210,2017,17780,7548000,TRUE,TRUE,"none"
"794",7860578,2469,3,3,90210,2017,16992,372463,TRUE,TRUE,"none"
"795",6650066,7801,5,6,90210,2013,24660,417688,TRUE,TRUE,"none"
"796",6100061,3582,4,3,90210,2015,13742,2142070,TRUE,TRUE,"none"
"797",7990000,5772,7,7,90210,2015,19706,3770492,TRUE,TRUE,"none"
"798",10650106,7362,4,6,90210,2016,20390,8450000,TRUE,TRUE,"none"
"799",5265052,5012,4,6,90210,2012,22933,468789,TRUE,FALSE,"none"
"800",10025100,5554,5,5,90210,2019,18121,10612079,TRUE,TRUE,"none"
"801",7200072,5779,6,6,90210,2012,18463,5206000,TRUE,TRUE,"none"
"802",10550105,6782,6,6,90210,2015,25847,8550000,TRUE,TRUE,"none"
"803",8700087,4403,5,4,90210,2016,16561,407967,TRUE,TRUE,"none"
"804",11000000,5895,5,5,90210,2014,18561,9150000,TRUE,TRUE,"none"
"805",14812648,9229,5,8,90210,2017,21822,10361978,TRUE,TRUE,"none"
"806",9085090,5780,5,7,90210,2018,12023,6657492,TRUE,TRUE,"none"
"807",6325063,4150,4,4,90210,2019,11579,6222000,TRUE,TRUE,"none"
"808",4419500,3732,5,4,90210,2012,22282,407922,TRUE,TRUE,"none"
"809",10350103,6488,6,4,90210,2017,14190,6467753,TRUE,FALSE,"none"
"810",7300073,4603,5,4,90210,2016,19762,1298453,TRUE,TRUE,"none"
"811",4100000,3908,5,5,90210,2011,16409,2896847,TRUE,TRUE,"none"
"812",25000250,12532,5,11,90210,2018,23284,21328199,TRUE,TRUE,"none"
"813",15430154,NA,7,6,90210,2018,21208,8284975,TRUE,TRUE,"none"
"814",6200062,7220,7,7,90210,2013,16027,3137302,TRUE,TRUE,"none"
"815",5800058,NA,6,12,90210,2011,24706,521766,TRUE,TRUE,"none"
"816",7400074,3478,3,4,90210,2018,14199,4963955,TRUE,TRUE,"none"
"817",11250112,3659,3,4,90210,2019,24166,518654,FALSE,TRUE,"none"
"818",5357053,4553,3,5,90210,2015,17763,663964,TRUE,TRUE,"none"
"819",12500125,5216,4,5,90210,2017,22092,6565953,TRUE,TRUE,"none"
"820",3997500,3990,4,3,90210,2012,16460,392364,TRUE,TRUE,"none"
"821",7665000,5665,5,6,90210,2015,15746,3318886,TRUE,TRUE,"none"
"822",9283592,9173,5,6,90210,2012,23576,4596914,TRUE,TRUE,"none"
"823",8050080,4443,5,5,90210,2017,17774,6730975,TRUE,TRUE,"none"
"824",9026090,7556,5,7,90210,2016,14102,4554974,TRUE,FALSE,"none"
"825",8500085,4620,6,5,90210,2016,15680,455777,TRUE,TRUE,"none"
"826",18246682,8560,6,5,90210,2015,27309,9104145,TRUE,TRUE,"none"
"827",6750067,4347,5,4,90210,2019,14348,2100274,FALSE,TRUE,"none"
"828",8000080,7581,6,6,90210,2011,21823,4261351,TRUE,FALSE,"none"
"829",8100081,4368,5,5,90210,2017,15895,451463,TRUE,TRUE,"none"
"830",12150000,8721,8,6,90210,2012,25093,8969000,TRUE,TRUE,"none"
"831",8232082,4958,5,7,90210,2016,20286,468143,TRUE,TRUE,"none"
"832",5000050,5730,5,4,90210,2012,13506,3745062,TRUE,TRUE,"none"
"833",17250172,6968,6,5,90210,2012,18138,10433319,TRUE,TRUE,"none"
"834",13575135,6120,6,6,90210,2018,20051,9537000,TRUE,TRUE,"none"
"835",4392043,4732,5,4,90210,2013,13307,3487572,TRUE,TRUE,"none"
"836",12810128,19474,6,16,90210,2016,29603,15019964,TRUE,TRUE,"none"
"837",6150061,3633,4,4,90210,2019,12135,1338912,FALSE,FALSE,"none"
"838",5626056,2915,4,3,90210,2019,11730,3321651,FALSE,FALSE,"none"
"839",3375000,3256,3,3,90210,2011,12006,331037,TRUE,FALSE,"none"
"840",7500075,5482,5,7,90210,2014,19016,436989,TRUE,TRUE,"none"
"841",5000000,6847,7,7,90210,2012,16036,792632,TRUE,TRUE,"none"
"842",13900139,5650,4,5,90210,2018,19013,2339639,TRUE,TRUE,"none"
"843",7200000,7439,6,8,90210,2011,16717,1954483,TRUE,TRUE,"none"
"844",9995099,6312,5,7,90210,2015,17759,5531370,TRUE,FALSE,"none"
"845",10026600,NA,5,7,90210,2019,13367,4270927,FALSE,TRUE,"none"
"846",5350053,3795,5,5,90210,2016,11885,336559,TRUE,TRUE,"none"
"847",6150061,5717,4,7,90210,2014,15662,442775,TRUE,TRUE,"none"
"848",7425074,4600,7,7,90210,2018,15045,485757,TRUE,TRUE,"none"
"849",7250000,4355,4,4,90210,2013,18168,5894980,TRUE,FALSE,"none"
"850",9500095,7448,5,7,90210,2015,15717,8646000,TRUE,TRUE,"none"
