"LastSalePrice","SQFTmain","Bedrooms","Bathrooms","ZIPcode5","YearOfSale","LandSQFT","TaxBeforeSale","AgeNew","Pool","View"
21445214,7028,5,6,90210,2019,39002,21978349,TRUE,TRUE,"none"
6000060,4078,4,4,90210,2017,21114,507385,TRUE,FALSE,"none"
5900059,2819,3,4,90210,2015,21248,2737371,TRUE,TRUE,"none"
14980149,4592,2,4,90210,2017,87036,1650991,TRUE,TRUE,"none"
2350023,2344,2,3,90210,2017,5000,197326,TRUE,FALSE,"none"
2500025,2779,4,3,90210,2012,15138,1999994,TRUE,TRUE,"none"
8995089,6011,4,5,90210,2012,35585,929205,TRUE,TRUE,"none"
1900019,2440,3,3,90210,2013,11537,2218660,TRUE,FALSE,"City"
4775047,4588,4,6,90210,2013,41308,4635341,TRUE,TRUE,"none"
8400084,3845,3,6,90210,2013,46412,3949114,TRUE,TRUE,"none"
3450000,3793,4,5,90210,2011,27636,394097,TRUE,TRUE,"none"
65000650,11880,7,10,90210,2017,91038,19280700,TRUE,TRUE,"none"
19000190,11012,5,10,90210,2019,32014,19135885,FALSE,TRUE,"none"
11625116,4214,4,6,90210,2017,43258,7751128,TRUE,TRUE,"none"
5700057,4683,5,6,90210,2017,26655,490065,TRUE,TRUE,"none"
13000130,4849,2,4,90210,2011,31963,6383295,TRUE,TRUE,"none"
3630036,2372,2,3,90210,2016,5662,2556711,TRUE,TRUE,"none"
3190031,2510,3,4,90210,2015,6402,1274109,TRUE,TRUE,"none"
72500725,11882,8,13,90210,2019,48515,15322932,TRUE,TRUE,"none"
5700057,4375,5,5,90210,2019,28423,500922,FALSE,TRUE,"City"
21000210,7016,4,6,90210,2016,43732,4333396,TRUE,TRUE,"none"
22500225,4891,4,5,90210,2016,31163,5146045,TRUE,FALSE,"none"
4105041,3076,3,4,90210,2015,23964,3169512,TRUE,TRUE,"none"
2610026,3862,4,4,90210,2013,9315,2153013,TRUE,TRUE,"City"
7045070,4314,5,5,90210,2011,21440,2954062,TRUE,TRUE,"none"
16300163,5968,5,7,90210,2017,23220,5384780,TRUE,TRUE,"City"
4000040,5479,5,7,90210,2012,22841,2219380,TRUE,TRUE,"none"
6100061,4066,3,6,90210,2018,22191,798803,TRUE,TRUE,"none"
4575000,3319,4,4,90210,2013,23569,338630,TRUE,TRUE,"none"
15000150,4182,3,4,90210,2018,26629,7109370,TRUE,TRUE,"none"
2806528,3565,4,4,90210,2011,20417,1616319,TRUE,TRUE,"none"
5200052,4192,4,5,90210,2015,26578,2143184,TRUE,FALSE,"none"
14500145,3906,4,5,90210,2015,24008,4720000,TRUE,TRUE,"none"
9500095,3645,3,5,90210,2016,25090,6886496,TRUE,TRUE,"none"
2791000,5295,6,6,90210,2012,22516,1864591,TRUE,TRUE,"none"
6850068,3980,4,5,90210,2018,21943,2530523,TRUE,TRUE,"none"
6680066,3281,4,4,90210,2016,20291,5179445,TRUE,TRUE,"none"
7020070,3644,3,4,90210,2015,25249,353443,TRUE,TRUE,"none"
7220072,3067,4,4,90210,2016,18396,1310026,TRUE,TRUE,"none"
5650056,5170,4,5,90210,2013,19815,638273,TRUE,TRUE,"none"
8735087,4840,6,5,90210,2017,9694,4590000,TRUE,TRUE,"none"
1825018,3032,3,4,90210,2012,11892,1052703,TRUE,TRUE,"none"
1850018,2408,2,3,90210,2010,10495,1864752,TRUE,FALSE,"none"
13100131,5749,3,4,90210,2016,55028,5583874,TRUE,TRUE,"City"
3550035,2801,4,3,90210,2016,14028,1298086,TRUE,TRUE,"none"
10500105,7677,3,5,90210,2015,25014,9197085,TRUE,TRUE,"none"
3519535,4125,5,4,90210,2013,11071,2716684,TRUE,TRUE,"none"
1870018,2103,3,3,90210,2012,10741,1080559,TRUE,TRUE,"none"
1690000,5662,5,6,90210,2010,13148,180833,FALSE,TRUE,"none"
2515025,4346,4,5,90210,2013,12558,1018681,TRUE,TRUE,"none"
4455044,4168,4,5,90210,2018,13716,3119769,TRUE,TRUE,"none"
2192000,2776,3,4,90210,2013,14375,1611222,TRUE,TRUE,"none"
4930049,5390,4,6,90210,2014,16272,2206000,TRUE,TRUE,"none"
2795027,3855,4,4,90210,2011,14042,2009000,TRUE,TRUE,"none"
3326033,5178,4,6,90210,2014,12588,3366333,TRUE,FALSE,"none"
1700000,3968,4,4,90210,2009,15653,931068,TRUE,TRUE,"none"
1635016,2604,3,3,90210,2010,15199,1500000,TRUE,TRUE,"none"
4150041,3466,4,3,90210,2017,12749,1118685,TRUE,TRUE,"none"
2400024,2256,3,3,90210,2008,28363,192662,TRUE,TRUE,"City"
1360000,3094,4,4,90210,2010,8316,434279,TRUE,FALSE,"none"
5800058,3374,4,3,90210,2018,17867,4335000,TRUE,FALSE,"none"
3550000,3279,4,4,90210,2013,14916,1023820,TRUE,TRUE,"none"
5850058,6260,5,6,90210,2015,13295,5303373,TRUE,TRUE,"none"
3525000,3801,5,6,90210,2011,13571,2041525,FALSE,TRUE,"none"
1926000,4602,5,6,90210,2010,10018,1306292,TRUE,TRUE,"none"
1825018,3175,5,4,90210,2012,11336,282133,TRUE,TRUE,"none"
1825018,2848,5,4,90210,2010,13436,1417108,TRUE,TRUE,"none"
1800018,2792,2,3,90210,2009,13790,1107818,TRUE,TRUE,"none"
5825058,3620,4,7,90210,2013,11213,1741784,TRUE,TRUE,"none"
1935019,2202,2,3,90210,2013,9850,1443236,TRUE,TRUE,"none"
6750067,5165,5,5,90210,2017,13039,3340500,TRUE,TRUE,"none"
1700000,3514,4,4,90210,2011,11918,393409,TRUE,TRUE,"none"
2395023,3879,5,5,90210,2011,19189,775619,TRUE,TRUE,"none"
3750037,3925,4,5,90210,2014,17218,1310063,TRUE,TRUE,"none"
3500035,2682,2,3,90210,2017,13026,376803,TRUE,TRUE,"none"
3225032,6318,5,7,90210,2014,15470,221146,TRUE,TRUE,"none"
4000000,3779,3,4,90210,2013,11286,1823000,TRUE,FALSE,"none"
3197531,2671,4,4,90210,2015,17443,1118882,TRUE,TRUE,"none"
2865028,3414,3,4,90210,2018,10764,441708,TRUE,FALSE,"none"
1750000,2557,3,3,90210,2008,11106,213503,TRUE,TRUE,"none"
1480014,3226,3,4,90210,2009,15887,235910,TRUE,TRUE,"none"
1899018,3531,3,6,90210,2012,11024,735923,TRUE,TRUE,"Water"
5000050,4179,5,6,90210,2015,15035,1118075,TRUE,TRUE,"none"
2400000,3668,4,4,90210,2010,17480,311638,TRUE,FALSE,"none"
2750027,2991,4,3,90210,2014,14529,886614,TRUE,TRUE,"none"
1065010,1490,2,1,90210,2012,15378,817523,TRUE,FALSE,"none"
14000000,12874,7,9,90210,2009,61140,7123113,TRUE,TRUE,"City"
6565065,8679,5,7,90210,2016,17459,4771199,TRUE,TRUE,"none"
3875038,6240,4,5,90210,2011,17267,2543567,TRUE,TRUE,"City"
1375013,2439,4,4,90210,2008,10701,131360,TRUE,FALSE,"none"
2760027,2412,2,2,90210,2018,7180,1448662,FALSE,FALSE,"none"
2000000,3005,3,3,90210,2014,14750,1900000,TRUE,FALSE,"City"
14574000,7256,7,7,90210,2016,43680,6888451,TRUE,TRUE,"none"
2950029,3219,4,3,90210,2017,9192,1348847,TRUE,TRUE,"none"
7600076,3922,4,4,90210,2015,26017,6000000,TRUE,TRUE,"none"
1610016,3796,5,4,90210,2011,16606,1498000,TRUE,TRUE,"none"
2575000,4343,4,5,90210,2014,15279,1710128,TRUE,FALSE,"City"
1600000,3650,4,4,90210,2013,10080,154665,TRUE,TRUE,"none"
940009,1403,2,2,90210,2010,5892,618094,TRUE,FALSE,"none"
1997519,1936,2,3,90210,2018,5285,1195448,TRUE,TRUE,"none"
1356013,2782,3,3,90210,2012,11611,188705,TRUE,TRUE,"none"
3800038,7552,6,9,90210,2012,14583,3620000,TRUE,TRUE,"City"
1642016,2144,3,3,90210,2013,20726,776766,TRUE,TRUE,"none"
5600056,4327,4,6,90210,2017,11065,3830901,TRUE,TRUE,"none"
1700017,3248,4,3,90210,2008,7823,648985,TRUE,TRUE,"none"
4785047,5111,5,7,90210,2013,23392,3386000,TRUE,TRUE,"none"
7670076,7224,4,5,90210,2014,24970,8188899,TRUE,TRUE,"none"
3950039,5560,5,6,90210,2010,13963,1757636,TRUE,TRUE,"none"
4525045,2363,3,3,90210,2017,52059,1347759,TRUE,TRUE,"none"
1295012,1542,2,2,90210,2013,17717,621744,TRUE,FALSE,"none"
1350013,2362,2,3,90210,2013,27542,208040,TRUE,TRUE,"none"
2589025,4372,5,6,90210,2015,14857,2173803,TRUE,TRUE,"none"
6800068,4678,4,4,90210,2010,31158,3546582,TRUE,TRUE,"none"
4595045,3933,4,5,90210,2019,18015,4668431,FALSE,TRUE,"Water"
2200022,4188,5,6,90210,2015,9549,278567,TRUE,TRUE,"none"
2300023,2052,3,3,90210,2015,7915,866622,TRUE,TRUE,"none"
7250072,3448,3,4,90210,2015,18104,3010000,TRUE,TRUE,"Canyon"
2350000,2736,4,3,90210,2012,45154,423036,TRUE,TRUE,"City"
2200022,3537,4,3,90210,2018,7724,1040109,TRUE,FALSE,"none"
4000000,4341,4,4,90210,2013,25360,1364035,TRUE,TRUE,"none"
4350043,5782,5,6,90210,2018,17221,3483032,TRUE,TRUE,"none"
3225000,3039,3,3,90210,2014,12368,788473,TRUE,TRUE,"none"
2290022,3197,3,4,90210,2017,13192,1657398,TRUE,TRUE,"none"
2625026,4414,4,4,90210,2012,5121,2142000,TRUE,FALSE,"none"
3641036,3786,4,4,90210,2018,24403,1368635,TRUE,TRUE,"none"
2500025,3260,3,4,90210,2014,8917,2099290,TRUE,FALSE,"City"
14250142,6634,5,7,90210,2016,48432,6521965,TRUE,TRUE,"none"
1500015,2175,3,3,90210,2013,12330,1650000,TRUE,FALSE,"none"
23800238,8872,6,8,90210,2015,31607,1946760,TRUE,TRUE,"none"
11750117,6657,4,6,90210,2017,15802,7968594,TRUE,TRUE,"none"
3000030,3464,4,4,90210,2018,5511,2074497,TRUE,TRUE,"none"
1370013,2060,3,3,90210,2012,6866,903296,TRUE,FALSE,"none"
1025000,1462,2,2,90210,2011,8825,224525,TRUE,FALSE,"none"
2350023,2325,2,3,90210,2018,5620,2011548,TRUE,FALSE,"none"
2728027,2348,2,3,90210,2016,16673,1930000,TRUE,TRUE,"none"
4300043,4650,4,5,90210,2012,41664,3487434,TRUE,TRUE,"none"
2000020,1978,3,2,90210,2019,8536,1357482,TRUE,FALSE,"none"
4600046,3511,4,4,90210,2019,14170,1818859,FALSE,TRUE,"none"
1520015,1755,2,2,90210,2013,6192,1748861,TRUE,FALSE,"none"
41500415,13567,6,10,90210,2018,44806,39270000,TRUE,TRUE,"City"
2491024,4169,5,6,90210,2014,15006,1664639,TRUE,FALSE,"none"
13500135,10482,7,9,90210,2016,32976,274580,TRUE,TRUE,"none"
2287522,2698,4,3,90210,2015,12655,646876,TRUE,FALSE,"none"
3800038,3862,5,6,90210,2011,14785,2929520,TRUE,TRUE,"none"
3225032,2375,2,3,90210,2018,10606,1449712,TRUE,TRUE,"none"
1969019,4142,4,4,90210,2012,13135,1665184,TRUE,TRUE,"none"
1500015,3248,4,3,90210,2009,8099,984664,TRUE,FALSE,"none"
2425024,3818,4,4,90210,2013,14925,910306,TRUE,TRUE,"City"
2300023,3139,3,3,90210,2015,9302,1193055,TRUE,TRUE,"none"
3200032,6740,9,9,90210,2008,14937,1830066,TRUE,TRUE,"Water"
1230000,1616,2,2,90210,2008,6265,2295000,TRUE,FALSE,"none"
2668000,2860,3,4,90210,2014,15138,1417774,TRUE,TRUE,"none"
2795027,2860,3,4,90210,2015,72395,1098228,TRUE,TRUE,"none"
16190161,8110,8,7,90210,2011,147321,15500000,TRUE,FALSE,"none"
11800118,7580,6,7,90210,2015,25424,6916257,TRUE,TRUE,"City"
4675046,5132,4,5,90210,2010,44922,613181,TRUE,TRUE,"none"
1100500,2327,2,3,90210,2011,15172,627480,TRUE,FALSE,"none"
3765037,3053,4,4,90210,2018,10438,2907000,TRUE,TRUE,"none"
2600026,3018,4,4,90210,2014,12018,2377134,TRUE,TRUE,"none"
1300000,3664,4,5,90210,2013,11239,621671,TRUE,TRUE,"none"
1360000,2300,3,3,90210,2015,7907,1095594,TRUE,FALSE,"none"
2549025,3347,3,5,90210,2013,8180,1668358,TRUE,TRUE,"none"
4500045,5269,5,5,90210,2018,14420,741495,TRUE,TRUE,"none"
2795027,3111,3,3,90210,2016,8393,2262597,TRUE,TRUE,"none"
10825108,3836,5,5,90210,2015,24992,4062031,TRUE,TRUE,"City"
3450000,4138,4,5,90210,2015,13172,1917265,TRUE,TRUE,"none"
2150021,2615,4,4,90210,2012,7386,1820000,TRUE,FALSE,"none"
1775017,2988,5,3,90210,2008,19012,738164,TRUE,TRUE,"none"
2775027,2323,3,3,90210,2015,13410,1554168,TRUE,TRUE,"none"
3800038,5418,4,5,90210,2014,91469,2463463,TRUE,TRUE,"none"
4013040,3948,3,4,90210,2017,9335,3606137,TRUE,TRUE,"none"
2450024,2753,3,3,90210,2014,13781,2318000,TRUE,FALSE,"none"
2795000,5730,5,7,90210,2012,10400,2593368,TRUE,TRUE,"Canyon"
3400034,3335,4,5,90210,2014,6363,2426000,TRUE,TRUE,"none"
2000000,3265,4,5,90210,2010,7433,3667410,TRUE,FALSE,"City"
558505,1236,2,1,90210,2011,9706,683932,TRUE,FALSE,"none"
1085010,930,4,1,90210,2016,8357,949781,TRUE,FALSE,"none"
1260012,1040,2,2,90210,2016,7040,615389,TRUE,FALSE,"none"
3600036,2085,4,5,90210,2018,5041,3624441,TRUE,FALSE,"City"
3200032,2621,3,3,90210,2018,16789,274095,TRUE,TRUE,"none"
2925029,3825,4,5,90210,2014,7765,2560000,TRUE,FALSE,"Canyon"
2810028,3875,4,5,90210,2015,11190,2299269,TRUE,TRUE,"none"
1000010,1526,3,1,90210,2014,6146,812378,TRUE,FALSE,"none"
1320013,1360,3,2,90210,2018,8509,104238,TRUE,FALSE,"none"
7000070,5367,6,5,90210,2016,18506,371033,TRUE,TRUE,"none"
8900089,7181,6,7,90210,2019,19835,8670000,TRUE,TRUE,"City"
2500025,2348,3,3,90210,2013,15530,1438173,TRUE,FALSE,"City"
5560055,3910,4,4,90210,2015,13438,3090951,TRUE,TRUE,"none"
3500035,3598,5,5,90210,2018,51929,1160660,TRUE,TRUE,"none"
2580025,2878,3,3,90210,2017,5906,1933627,TRUE,FALSE,"none"
3712000,3174,3,4,90210,2013,10104,1659749,TRUE,TRUE,"none"
3812000,6131,4,4,90210,2016,19650,4150000,TRUE,TRUE,"none"
2000020,2506,3,2,90210,2017,7872,610094,TRUE,FALSE,"City"
16949669,6786,4,7,90210,2019,17806,8734104,FALSE,TRUE,"none"
1995000,2855,2,3,90210,2008,8738,995020,TRUE,FALSE,"none"
1024500,2393,4,3,90210,2012,9811,281396,TRUE,FALSE,"none"
3725000,3982,4,7,90210,2011,25675,2317000,TRUE,TRUE,"none"
3798037,3922,3,5,90210,2014,14123,1197392,TRUE,FALSE,"none"
1945000,1933,2,3,90210,2015,5976,559801,TRUE,TRUE,"none"
6500065,4432,4,5,90210,2015,34328,3691363,TRUE,TRUE,"none"
5400054,1976,2,4,90210,2019,6820,3491436,FALSE,TRUE,"none"
2050000,4294,3,5,90210,2012,10095,1325903,TRUE,FALSE,"none"
1327013,2575,4,4,90210,2009,14986,1614714,TRUE,FALSE,"none"
4651046,3267,4,5,90210,2019,11588,3642886,FALSE,TRUE,"none"
1495014,2583,4,3,90210,2012,11239,421430,TRUE,TRUE,"none"
1790017,1718,2,3,90210,2018,12083,1663257,TRUE,TRUE,"none"
3410034,2371,2,1,90210,2017,20013,313668,TRUE,FALSE,"City"
1952000,3063,4,3,90210,2011,15735,1149517,TRUE,TRUE,"none"
1672516,3022,4,4,90210,2012,11388,1412125,TRUE,TRUE,"none"
7750077,4658,4,6,90210,2016,33885,3241572,TRUE,TRUE,"none"
7050070,10247,6,7,90210,2010,32676,7716941,TRUE,TRUE,"Water"
4300043,3441,3,4,90210,2016,26705,499976,TRUE,TRUE,"City"
1625016,2169,3,4,90210,2011,12225,1350000,TRUE,TRUE,"none"
2651026,2121,3,3,90210,2018,9560,2538575,TRUE,TRUE,"none"
1950019,3678,4,7,90210,2011,7195,2100000,TRUE,TRUE,"none"
2133021,4995,3,4,90210,2011,15641,1217092,TRUE,FALSE,"City"
1400014,2168,3,3,90210,2013,15172,145502,TRUE,FALSE,"none"
2500025,3019,4,4,90210,2014,12737,340611,TRUE,TRUE,"none"
13450134,8141,6,9,90210,2018,47935,7792654,TRUE,TRUE,"none"
5600056,3290,4,3,90210,2018,13051,3517000,TRUE,TRUE,"none"
5700057,6203,5,7,90210,2018,16716,3980918,TRUE,TRUE,"none"
1258000,3352,4,5,90210,2011,7187,366504,TRUE,FALSE,"none"
3875538,5526,5,6,90210,2018,13163,1454501,TRUE,FALSE,"none"
3255032,3162,4,4,90210,2016,7048,2330024,TRUE,TRUE,"none"
820008,2026,2,3,90210,2013,2693,521203,TRUE,FALSE,"none"
1488000,3430,4,4,90210,2010,14751,998156,TRUE,TRUE,"none"
8500085,6169,5,6,90210,2017,19832,2634573,TRUE,TRUE,"none"
2636026,3269,4,4,90210,2014,16915,751615,TRUE,TRUE,"none"
3317033,6091,5,5,90210,2016,15384,2101910,TRUE,FALSE,"none"
3380033,3246,4,5,90210,2017,6925,3050000,TRUE,TRUE,"City"
2250022,2154,3,2,90210,2018,8042,1593263,TRUE,FALSE,"none"
1340013,1327,2,2,90210,2015,9824,1084573,TRUE,FALSE,"none"
1110011,2471,2,3,90210,2009,7330,1475077,TRUE,FALSE,"none"
2225000,2049,2,2,90210,2012,10958,1145000,TRUE,TRUE,"none"
1725017,2233,3,2,90210,2014,7102,876017,TRUE,FALSE,"none"
1992019,3010,3,3,90210,2017,7499,686343,TRUE,FALSE,"none"
2850028,4080,4,4,90210,2015,15022,1238939,TRUE,TRUE,"none"
1600016,2550,4,4,90210,2013,6917,1450000,TRUE,FALSE,"none"
2450024,3397,4,3,90210,2017,9579,2397000,TRUE,FALSE,"City"
1510015,1629,2,2,90210,2013,6638,519375,TRUE,FALSE,"none"
1400014,2630,5,4,90210,2015,25276,1629527,TRUE,FALSE,"none"
1300013,1602,3,2,90210,2015,7482,773080,TRUE,TRUE,"none"
3337533,3281,3,4,90210,2018,9779,3897930,TRUE,TRUE,"none"
2448524,3694,5,5,90210,2011,18675,919642,TRUE,TRUE,"none"
2025020,2346,3,5,90210,2018,9767,2125000,TRUE,TRUE,"none"
1320013,1620,2,3,90210,2013,8481,118246,TRUE,FALSE,"none"
3667536,3800,5,4,90210,2018,6624,2827165,TRUE,TRUE,"none"
2810028,4117,4,5,90210,2012,12656,2610220,TRUE,FALSE,"none"
7000070,6794,6,9,90210,2011,108904,6080000,TRUE,TRUE,"none"
1500000,4438,4,5,90210,2010,13138,1900000,TRUE,FALSE,"none"
2170021,2647,2,3,90210,2019,5683,1846176,TRUE,FALSE,"none"
5300053,3981,5,3,90210,2017,24881,4936572,TRUE,TRUE,"none"
3500000,4210,4,4,90210,2012,112417,3518353,TRUE,TRUE,"Canyon"
4000040,2101,3,3,90210,2018,5898,4270000,TRUE,TRUE,"Water"
8050080,4585,4,5,90210,2015,12489,1644977,TRUE,TRUE,"City"
3300033,2472,3,2,90210,2017,15891,2678229,TRUE,TRUE,"none"
5125051,4583,4,5,90210,2018,6698,3448345,TRUE,TRUE,"none"
3500035,2872,3,3,90210,2014,10455,2243224,TRUE,TRUE,"none"
1200012,1792,3,3,90210,2013,5850,1100000,TRUE,FALSE,"none"
925009,1422,2,1,90210,2010,8198,90969,TRUE,FALSE,"none"
2265022,2085,3,2,90210,2019,7633,2133189,TRUE,FALSE,"none"
1350000,3296,3,3,90210,2012,13504,680652,TRUE,FALSE,"none"
1335013,1780,3,2,90210,2013,7555,929736,TRUE,FALSE,"none"
2050020,1599,3,2,90210,2017,9695,1940000,TRUE,FALSE,"none"
2690000,3928,3,4,90210,2008,24658,1602685,TRUE,TRUE,"none"
2200022,2201,2,3,90210,2018,7998,918531,TRUE,TRUE,"City"
794507,1446,2,2,90210,2011,8210,560000,TRUE,FALSE,"none"
1950019,2646,5,3,90210,2013,6629,739099,TRUE,TRUE,"none"
2900029,1819,2,3,90210,2018,14785,2371315,TRUE,TRUE,"none"
10825108,2270,2,2,90210,2015,12108,1838511,TRUE,TRUE,"none"
1580000,2911,4,3,90210,2011,9578,490508,FALSE,TRUE,"none"
5433554,3151,4,4,90210,2018,15085,2585393,FALSE,TRUE,"none"
6330063,5740,4,5,90210,2016,11010,4173456,TRUE,TRUE,"none"
1769517,2799,3,4,90210,2009,5714,699528,TRUE,FALSE,"none"
2300023,6004,5,7,90210,2014,6637,498519,TRUE,FALSE,"Canyon"
1505015,2560,3,3,90210,2010,8163,2190000,TRUE,FALSE,"City"
1300013,1768,3,2,90210,2015,8216,918006,TRUE,FALSE,"none"
1325013,1851,2,3,90210,2015,6249,1366772,TRUE,FALSE,"none"
785007,1448,3,2,90210,2012,4811,682158,TRUE,FALSE,"none"
2195021,3176,4,3,90210,2013,7454,203834,TRUE,TRUE,"none"
2450024,2365,3,2,90210,2016,10933,1835195,TRUE,TRUE,"none"
5400054,3025,2,3,90210,2014,63084,5715832,TRUE,TRUE,"none"
1960000,3240,4,3,90210,2011,14206,2210000,TRUE,TRUE,"none"
9600096,4254,5,6,90210,2018,36480,519636,TRUE,TRUE,"none"
12250122,5603,5,8,90210,2016,38066,13500000,TRUE,TRUE,"City"
2010020,2740,3,4,90210,2016,16464,277193,TRUE,FALSE,"none"
10500105,5313,4,6,90210,2018,23535,505649,TRUE,TRUE,"none"
11000110,4061,3,5,90210,2016,21277,7704377,TRUE,TRUE,"none"
2920000,5207,4,5,90210,2009,11033,3257035,TRUE,TRUE,"none"
36500365,8628,4,7,90210,2012,76413,27282571,TRUE,TRUE,"none"
34500000,17908,9,14,90210,2012,85685,38114589,TRUE,TRUE,"none"
13000130,5794,4,6,90210,2010,32481,7905999,TRUE,TRUE,"none"
5200052,4605,5,5,90210,2019,20471,4138898,FALSE,TRUE,"none"
5226000,4838,4,5,90210,2014,15464,1778374,TRUE,TRUE,"none"
9350000,7664,8,6,90210,2011,49591,6869396,TRUE,TRUE,"none"
4725047,4957,4,6,90210,2017,16561,4284741,TRUE,TRUE,"none"
2935029,4147,4,5,90210,2013,15407,352108,TRUE,FALSE,"none"
9150091,5147,3,3,90210,2017,27576,2361445,TRUE,TRUE,"none"
11202000,11032,9,11,90210,2013,62593,7495057,TRUE,TRUE,"none"
10500105,6537,5,6,90210,2014,24056,9363600,TRUE,FALSE,"none"
5075050,3594,4,5,90210,2015,19917,2808702,TRUE,TRUE,"none"
6500065,4555,4,6,90210,2014,50647,4600000,TRUE,TRUE,"none"
6200062,4026,4,6,90210,2019,19853,3759945,FALSE,FALSE,"none"
14000140,7009,6,5,90210,2012,27836,6654741,TRUE,TRUE,"none"
5800058,4494,6,3,90210,2015,13100,719589,TRUE,TRUE,"none"
5450000,6389,6,7,90210,2009,23577,3441556,TRUE,TRUE,"City"
15000150,6484,4,5,90210,2014,50103,6013733,TRUE,TRUE,"none"
9500095,6025,6,6,90210,2015,169134,5533005,TRUE,FALSE,"none"
38000380,10286,7,9,90210,2016,52575,27750000,TRUE,TRUE,"none"
11100000,7340,6,7,90210,2009,28837,10612079,TRUE,TRUE,"none"
4000000,2219,4,4,90210,2013,16487,381895,TRUE,TRUE,"none"
2700000,3364,4,5,90210,2012,17065,411057,TRUE,TRUE,"none"
4150000,1920,3,2,90210,2015,21752,1608667,TRUE,TRUE,"none"
16000160,11703,8,7,90210,2017,28628,6474535,TRUE,TRUE,"none"
7350073,4184,3,6,90210,2016,20385,1691801,TRUE,TRUE,"none"
11230112,5573,3,5,90210,2019,35889,656688,FALSE,TRUE,"none"
6700067,3735,5,5,90210,2016,9868,2884607,TRUE,FALSE,"none"
2305023,3405,2,3,90210,2013,8315,2268071,TRUE,TRUE,"none"
3850038,2544,4,3,90210,2015,15183,1739743,TRUE,FALSE,"none"
3227032,3784,5,6,90210,2017,24081,330301,TRUE,TRUE,"none"
26750267,16052,6,11,90210,2017,27048,8181504,TRUE,TRUE,"none"
5875058,5227,3,7,90210,2012,46623,3702308,TRUE,TRUE,"none"
35000350,5286,4,8,90210,2018,31143,16641198,TRUE,TRUE,"none"
6880068,3054,4,4,90210,2016,19986,3842720,TRUE,FALSE,"none"
9750097,5980,5,7,90210,2013,19981,7385990,TRUE,TRUE,"none"
8550085,4433,5,6,90210,2015,26706,2367398,TRUE,TRUE,"none"
63884638,14579,5,7,90210,2018,41189,21873974,TRUE,TRUE,"none"
3050000,3995,5,5,90210,2011,16922,2571914,TRUE,TRUE,"none"
47851978,19299,8,13,90210,2015,117078,9503411,TRUE,TRUE,"none"
1775017,3671,5,5,90210,2011,18638,2563536,TRUE,TRUE,"none"
13000130,5239,4,7,90210,2016,39937,6250123,TRUE,TRUE,"none"
12800128,6891,7,7,90210,2011,86529,12500000,TRUE,TRUE,"none"
7227000,5688,6,6,90210,2015,12779,4352993,TRUE,TRUE,"none"
8500085,4750,4,5,90210,2013,53345,4134391,FALSE,TRUE,"none"
9325093,3384,3,4,90210,2019,34420,7750000,TRUE,TRUE,"none"
9972099,8015,7,8,90210,2013,52037,8295437,TRUE,TRUE,"none"
1350013,2277,3,3,90210,2016,5218,1274974,TRUE,FALSE,"none"
12500125,5066,4,5,90210,2016,29824,5392560,TRUE,TRUE,"none"
1835018,1600,2,2,90210,2016,7283,1766239,TRUE,FALSE,"none"
8194000,12338,6,9,90210,2011,70893,12500000,TRUE,TRUE,"none"
3470034,3246,4,4,90210,2012,15143,2120000,TRUE,TRUE,"none"
2000020,2857,3,4,90210,2014,53926,878957,TRUE,FALSE,"none"
3625036,3488,3,3,90210,2019,16871,4141366,FALSE,FALSE,"none"
5650056,4688,4,7,90210,2013,16329,5600000,TRUE,TRUE,"none"
2125021,3317,4,5,90210,2015,8671,903900,TRUE,FALSE,"City"
5100051,3689,3,3,90210,2017,18496,4563975,TRUE,TRUE,"none"
3995039,2838,3,2,90210,2018,9710,117403,TRUE,FALSE,"none"
1990519,2409,3,3,90210,2016,6794,1800000,TRUE,TRUE,"Water"
2125021,2263,2,2,90210,2015,5404,1939921,TRUE,FALSE,"none"
810000,1328,2,2,90210,2012,9741,447344,TRUE,FALSE,"none"
710007,1663,3,3,90210,2012,7248,624060,TRUE,FALSE,"none"
2750027,2778,3,3,90210,2019,6970,327405,FALSE,FALSE,"none"
2325023,3128,4,4,90210,2019,6883,2702347,FALSE,FALSE,"none"
7375073,8706,6,8,90210,2017,10962,4984456,TRUE,TRUE,"none"
2785027,2836,4,4,90210,2016,6749,1300473,TRUE,FALSE,"none"
2450024,2424,4,3,90210,2017,25038,857938,TRUE,FALSE,"none"
2900029,3125,3,4,90210,2017,4858,1760000,TRUE,TRUE,"none"
1755017,3269,4,5,90210,2012,10355,1008186,TRUE,FALSE,"Canyon"
4220042,4221,3,4,90210,2016,6417,2183886,TRUE,TRUE,"none"
1300013,1658,3,3,90210,2018,3468,1285112,TRUE,FALSE,"none"
2000000,2000,3,3,90210,2012,8505,1650000,TRUE,FALSE,"none"
2545000,1990,3,2,90210,2013,11540,1269582,TRUE,TRUE,"none"
2580025,5522,3,4,90210,2012,43287,419065,TRUE,TRUE,"none"
4850048,6331,7,6,90210,2012,25729,6125534,TRUE,TRUE,"none"
6995069,7018,6,6,90210,2008,13895,3950000,TRUE,FALSE,"none"
15000150,8213,4,4,90210,2019,58157,5954602,FALSE,TRUE,"none"
10800108,8704,6,8,90210,2014,28121,8763563,TRUE,TRUE,"none"
3000030,2872,4,4,90210,2012,48233,4455000,TRUE,TRUE,"none"
7500000,5549,5,7,90210,2013,71487,3568269,TRUE,TRUE,"none"
18000180,24977,17,10,90210,2008,67193,9202000,TRUE,TRUE,"none"
1650016,2978,3,3,90210,2016,10087,856822,TRUE,TRUE,"none"
15940159,11478,7,11,90210,2017,33614,18200000,TRUE,TRUE,"none"
5625000,13764,6,11,90210,2012,30685,4794000,TRUE,FALSE,"none"
4200000,11410,7,10,90210,2013,19896,1843322,TRUE,TRUE,"none"
12900129,4568,4,6,90210,2017,21363,531260,TRUE,TRUE,"none"
2266022,3415,3,4,90210,2014,13765,267552,TRUE,FALSE,"none"
4500045,8251,7,7,90210,2017,27238,652367,FALSE,TRUE,"none"
3395033,2569,4,5,90210,2016,5936,2623221,TRUE,TRUE,"none"
2750027,3362,4,4,90210,2013,16747,2529600,TRUE,TRUE,"none"
2050000,3782,3,6,90210,2011,20616,1049211,TRUE,TRUE,"none"
18382183,7029,5,6,90210,2015,69629,6571366,TRUE,TRUE,"none"
5115051,5747,4,5,90210,2012,18603,3706000,TRUE,TRUE,"none"
4002040,3400,3,4,90210,2015,36561,2975000,TRUE,FALSE,"City"
3125031,2993,4,4,90210,2017,14160,2184405,TRUE,FALSE,"none"
2955029,2751,2,2,90210,2014,16897,278560,TRUE,FALSE,"none"
5072050,4266,5,4,90210,2014,12283,1007180,TRUE,TRUE,"none"
2950029,2575,4,3,90210,2019,14404,3085191,FALSE,TRUE,"none"
10800000,5185,5,5,90210,2013,35331,6757500,TRUE,TRUE,"none"
23700237,8515,9,8,90210,2015,53393,822565,TRUE,TRUE,"none"
2200022,3084,5,4,90210,2018,8980,189872,TRUE,TRUE,"none"
17800178,7003,5,7,90210,2018,19611,972854,TRUE,FALSE,"none"
3000030,4874,5,6,90210,2018,20115,3063109,TRUE,TRUE,"Canyon"
12500000,6983,5,7,90210,2014,52568,5688758,TRUE,TRUE,"none"
8300083,4969,6,6,90210,2010,20942,5242000,TRUE,TRUE,"none"
12200122,7942,6,8,90210,2018,47644,10200000,TRUE,TRUE,"none"
9328593,4460,4,4,90210,2019,23267,5375922,FALSE,TRUE,"Canyon"
9100000,5300,5,6,90210,2014,48797,8197601,TRUE,TRUE,"none"
7050070,5557,6,5,90210,2018,16327,6150000,TRUE,TRUE,"none"
2100021,3238,4,4,90210,2010,13595,1532628,TRUE,TRUE,"none"
19000000,6951,5,6,90210,2015,56099,6673647,TRUE,FALSE,"none"
20000200,5614,5,6,90210,2018,24504,836535,TRUE,TRUE,"none"
11650116,9163,5,7,90210,2016,27102,4545933,TRUE,TRUE,"none"
4175041,2757,3,3,90210,2019,38106,6258374,TRUE,FALSE,"none"
2750027,3100,3,4,90210,2017,6153,2391900,TRUE,TRUE,"none"
20000200,8165,6,7,90210,2017,26725,8223062,TRUE,TRUE,"none"
3525035,3336,4,4,90210,2015,14048,3060987,TRUE,TRUE,"none"
19000190,5800,3,5,90210,2015,49634,19889609,TRUE,TRUE,"none"
2450024,3482,3,5,90210,2012,6254,1827632,TRUE,TRUE,"none"
21550215,11277,5,6,90210,2014,54061,17144115,TRUE,TRUE,"none"
5583555,5471,9,10,90210,2013,43682,2702835,TRUE,TRUE,"none"
7100071,7345,6,7,90210,2010,27941,9254794,TRUE,TRUE,"none"
9550095,5997,3,6,90210,2013,41058,3693456,TRUE,FALSE,"none"
2450000,3597,5,4,90210,2009,11585,3000000,TRUE,FALSE,"none"
8275082,8324,5,7,90210,2013,25933,5280900,TRUE,FALSE,"none"
2150021,2384,3,3,90210,2018,8185,973752,TRUE,TRUE,"none"
20000200,11838,4,8,90210,2018,44358,15584532,TRUE,TRUE,"none"
5831558,4169,7,5,90210,2016,12534,386628,TRUE,TRUE,"none"
2225022,4502,5,6,90210,2015,10303,1240474,TRUE,TRUE,"none"
15874658,11221,5,7,90210,2013,46193,9228800,TRUE,TRUE,"City"
8500085,5962,6,6,90210,2014,28069,2012823,TRUE,TRUE,"none"
11500115,11571,6,10,90210,2013,28198,9423000,TRUE,TRUE,"none"
6550065,5816,5,8,90210,2017,22769,2596194,TRUE,TRUE,"none"
3480034,3568,3,3,90210,2019,13796,2074347,FALSE,TRUE,"none"
6500000,5376,5,5,90210,2013,21441,455896,TRUE,TRUE,"none"
4650046,4859,4,3,90210,2019,7202,3876207,TRUE,TRUE,"none"
4450044,3404,2,4,90210,2017,75966,4706348,FALSE,TRUE,"none"
1275012,2683,2,3,90210,2013,17284,300158,TRUE,FALSE,"none"
5295052,6875,4,6,90210,2012,17375,1473624,TRUE,TRUE,"Canyon"
10300103,4171,4,4,90210,2015,17554,3060986,TRUE,TRUE,"none"
2725027,3927,4,6,90210,2018,6004,1749386,TRUE,TRUE,"none"
7300000,5346,6,5,90210,2013,14807,5383563,TRUE,TRUE,"none"
11800618,7735,8,8,90210,2013,53519,10634928,TRUE,TRUE,"none"
7300000,6643,6,6,90210,2011,34071,7700000,TRUE,TRUE,"none"
5085550,4139,4,4,90210,2016,8988,2412129,TRUE,TRUE,"none"
5700057,4748,4,4,90210,2012,28128,432652,TRUE,FALSE,"none"
6000060,3038,3,3,90210,2014,22330,385973,TRUE,TRUE,"none"
5316053,4223,5,5,90210,2016,16080,572709,TRUE,TRUE,"none"
16500000,10379,11,11,90210,2014,39911,10438500,TRUE,TRUE,"none"
10400104,6412,3,4,90210,2016,39841,512566,TRUE,TRUE,"none"
9094590,7624,6,9,90210,2018,34243,11751425,TRUE,TRUE,"none"
4335043,5909,5,7,90210,2016,22022,1610152,TRUE,TRUE,"none"
9700097,3614,4,6,90210,2017,25588,484785,TRUE,TRUE,"City"
9000090,6458,6,9,90210,2014,26178,16574910,TRUE,FALSE,"none"
2850028,1547,2,3,90210,2017,15805,2100000,TRUE,FALSE,"none"
10170101,5357,4,5,90210,2014,33678,581876,TRUE,TRUE,"none"
2925029,4398,4,4,90210,2011,9577,1901433,TRUE,TRUE,"none"
10200102,6526,4,6,90210,2019,33732,10587470,FALSE,TRUE,"none"
17800178,7347,7,9,90210,2018,24133,837115,TRUE,TRUE,"none"
2095020,3999,3,4,90210,2011,18796,435593,TRUE,TRUE,"none"
6282562,7613,5,8,90210,2012,19280,7000000,TRUE,TRUE,"none"
3495034,3388,4,4,90210,2016,17318,299228,TRUE,FALSE,"none"
6150000,5480,3,5,90210,2012,32590,3501054,TRUE,TRUE,"none"
14900149,3752,3,4,90210,2019,28255,12970899,FALSE,TRUE,"Water"
6150061,4477,4,4,90210,2013,20260,4869007,TRUE,TRUE,"none"
17000170,12717,7,10,90210,2012,48632,16147607,TRUE,TRUE,"none"
12500125,19531,5,13,90210,2011,59682,1144006,FALSE,TRUE,"none"
2360023,3405,4,4,90210,2014,14441,1560616,TRUE,TRUE,"none"
2100021,3018,3,4,90210,2012,6259,1614313,TRUE,FALSE,"none"
12000120,11036,7,8,90210,2011,31297,8656403,TRUE,TRUE,"none"
4080040,4993,6,5,90210,2019,23095,1459446,FALSE,TRUE,"none"
10875108,7638,5,7,90210,2015,30629,7955844,TRUE,TRUE,"none"
23079730,9068,5,10,90210,2011,80901,14749000,TRUE,TRUE,"none"
3250032,3577,4,4,90210,2010,26869,1855237,TRUE,TRUE,"none"
10300103,6415,6,7,90210,2015,15120,4833139,TRUE,TRUE,"none"
3299032,4929,4,4,90210,2016,17528,3469040,TRUE,TRUE,"none"
12019120,5577,4,7,90210,2017,36107,2800441,TRUE,TRUE,"none"
7500000,12324,6,12,90210,2009,27545,5724928,TRUE,TRUE,"none"
6000060,3292,4,4,90210,2018,30261,2839054,TRUE,TRUE,"none"
8000080,5177,5,6,90210,2018,26483,1639630,TRUE,TRUE,"none"
16500165,6244,5,9,90210,2016,58639,9086815,TRUE,TRUE,"none"
42500425,10376,7,8,90210,2019,45699,33901000,TRUE,TRUE,"none"
4800048,5214,6,7,90210,2017,26297,4600000,TRUE,FALSE,"City"
25000250,7413,5,8,90210,2017,43437,6798706,TRUE,TRUE,"none"
9300093,4573,4,6,90210,2015,23763,461972,TRUE,TRUE,"none"
12544125,11326,6,10,90210,2008,54800,10143900,TRUE,TRUE,"none"
8750087,6511,5,6,90210,2011,74919,8261746,TRUE,TRUE,"none"
6000060,7232,6,8,90210,2013,14023,2581102,TRUE,FALSE,"none"
2015020,3098,3,4,90210,2013,6014,2037509,TRUE,FALSE,"none"
3825038,4642,5,6,90210,2018,14911,507484,TRUE,TRUE,"none"
4100041,4133,4,5,90210,2012,20512,423466,TRUE,TRUE,"none"
14450144,5084,3,4,90210,2018,38725,14892000,TRUE,TRUE,"none"
5500055,5119,4,6,90210,2015,58149,4079919,TRUE,TRUE,"none"
1700017,3194,4,4,90210,2011,18180,425468,TRUE,FALSE,"none"
3975039,4836,4,5,90210,2011,14458,392181,TRUE,TRUE,"none"
6850000,4872,5,6,90210,2014,30697,5750000,TRUE,TRUE,"none"
2860028,4025,4,3,90210,2009,15106,3400000,TRUE,TRUE,"none"
5000050,3458,3,4,90210,2012,20093,3375000,TRUE,TRUE,"none"
12750127,5000,4,6,90210,2018,39947,373926,TRUE,TRUE,"City"
5694556,6866,4,6,90210,2011,31776,5040000,TRUE,TRUE,"none"
8900089,5991,9,8,90210,2014,47802,445946,TRUE,TRUE,"none"
19000190,9857,5,7,90210,2019,42044,14544496,TRUE,TRUE,"none"
14049000,7997,6,8,90210,2013,31537,8011183,TRUE,TRUE,"none"
12300123,5738,5,7,90210,2018,35638,3075953,TRUE,TRUE,"none"
5485054,4151,4,5,90210,2019,14649,6000000,TRUE,TRUE,"none"
3778037,7440,6,7,90210,2014,14695,1449027,TRUE,TRUE,"none"
6600066,5216,5,5,90210,2013,38137,696283,TRUE,TRUE,"none"
7200072,4120,4,5,90210,2013,31380,2358672,TRUE,TRUE,"none"
14000140,4927,2,5,90210,2018,28819,6764133,TRUE,TRUE,"none"
3680000,3409,5,4,90210,2010,19548,4487532,TRUE,TRUE,"none"
5800058,5756,4,6,90210,2013,20299,534804,TRUE,TRUE,"none"
9730097,6495,5,7,90210,2018,28700,6731107,TRUE,FALSE,"none"
6000060,4837,5,5,90210,2017,14480,1874534,TRUE,TRUE,"none"
17500175,15404,6,11,90210,2011,63737,7590843,TRUE,FALSE,"none"
7725000,6141,5,7,90210,2014,17643,6500000,TRUE,FALSE,"none"
7400074,8047,6,8,90210,2012,15313,6853760,TRUE,TRUE,"none"
23000230,10046,4,9,90210,2016,31702,5785320,TRUE,TRUE,"none"
5575055,2709,3,4,90210,2019,12234,3675193,FALSE,TRUE,"none"
8800088,7299,5,6,90210,2013,26326,2104433,TRUE,TRUE,"City"
11500000,5880,5,7,90210,2015,50427,627978,TRUE,TRUE,"none"
2226022,3255,3,4,90210,2011,14073,2216566,TRUE,FALSE,"none"
7100071,4971,3,5,90210,2018,22097,6109773,TRUE,TRUE,"none"
3750037,2416,3,4,90210,2015,16229,4436269,TRUE,TRUE,"City"
9500095,5633,3,5,90210,2016,24997,3896139,TRUE,TRUE,"none"
4400044,2820,4,4,90210,2017,22681,3995000,TRUE,FALSE,"none"
27500275,15689,6,10,90210,2019,39458,20434675,TRUE,TRUE,"none"
3250000,4615,4,5,90210,2012,15429,394183,TRUE,TRUE,"none"
3522035,3183,3,4,90210,2015,41628,1672234,FALSE,TRUE,"none"
23000230,14055,9,8,90210,2013,89504,11071532,TRUE,TRUE,"none"
4900049,3430,7,4,90210,2008,17305,335348,TRUE,TRUE,"none"
3100031,3418,4,3,90210,2009,15070,2315542,TRUE,TRUE,"none"
10700107,8032,7,9,90210,2014,20190,6409999,TRUE,TRUE,"none"
8950089,4691,4,5,90210,2015,23661,1182685,TRUE,TRUE,"none"
13700137,10309,6,10,90210,2019,22093,7459729,FALSE,TRUE,"none"
7100000,5425,3,6,90210,2012,22667,5983987,TRUE,TRUE,"none"
6895068,4251,4,5,90210,2017,20046,6112100,TRUE,TRUE,"none"
10350103,7524,8,7,90210,2017,46123,504282,TRUE,FALSE,"none"
33000330,9519,6,10,90210,2016,36357,32101575,TRUE,FALSE,"Water"
15975159,12981,5,7,90210,2010,30022,13464000,TRUE,TRUE,"none"
18200182,5889,5,8,90210,2012,37438,7433253,TRUE,TRUE,"none"
3550000,3257,3,4,90210,2012,28529,382081,TRUE,TRUE,"none"
7650076,8956,7,9,90210,2012,22127,4938417,TRUE,TRUE,"none"
6300063,4434,4,5,90210,2012,20238,622474,TRUE,TRUE,"none"
10000000,10165,8,11,90210,2009,52208,1063941,TRUE,TRUE,"none"
19920199,10656,4,8,90210,2017,31961,6418436,TRUE,TRUE,"none"
2850028,2611,3,3,90210,2011,17504,264471,TRUE,TRUE,"none"
13000000,10311,4,9,90210,2009,38208,6465113,TRUE,TRUE,"City"
6895068,3724,4,5,90210,2009,13551,2183586,TRUE,TRUE,"none"
2750000,4604,5,6,90210,2011,17942,2392751,TRUE,TRUE,"none"
6350000,3610,4,5,90210,2013,44938,5380500,TRUE,TRUE,"none"
4293042,8589,5,8,90210,2014,14138,332060,TRUE,TRUE,"none"
7455000,6586,5,6,90210,2008,22153,669763,TRUE,TRUE,"none"
4350000,4470,5,5,90210,2014,9433,2687700,TRUE,TRUE,"none"
4400044,3114,4,4,90210,2013,13365,2550000,TRUE,TRUE,"none"
6006060,3669,4,4,90210,2018,16892,1133622,TRUE,FALSE,"none"
4600046,2882,3,5,90210,2017,19843,1062555,TRUE,TRUE,"none"
4716547,5422,4,5,90210,2008,35725,4165241,TRUE,TRUE,"none"
7605076,6057,5,6,90210,2013,28826,1477231,TRUE,TRUE,"none"
12500125,5437,5,6,90210,2010,29012,8905980,TRUE,FALSE,"none"
11800118,9329,6,6,90210,2012,50910,12342242,TRUE,TRUE,"City"
4450044,3077,3,4,90210,2015,13111,3063846,TRUE,FALSE,"none"
3400034,3764,4,5,90210,2019,14907,360876,FALSE,FALSE,"none"
8950089,5495,5,5,90210,2014,20750,5097960,TRUE,TRUE,"none"
18335183,6981,5,5,90210,2016,27362,9414563,TRUE,TRUE,"none"
1892500,3463,4,5,90210,2011,5691,787689,TRUE,TRUE,"none"
5945059,4495,4,5,90210,2018,20635,567955,TRUE,TRUE,"none"
25000250,10982,12,8,90210,2015,84412,2065082,TRUE,TRUE,"none"
10700107,8743,6,9,90210,2015,36910,1119178,TRUE,TRUE,"none"
13000130,8011,4,6,90210,2013,24253,10954317,TRUE,TRUE,"none"
3800038,2750,2,3,90210,2019,15477,609125,FALSE,FALSE,"none"
33142831,11497,6,10,90210,2018,55821,21430465,TRUE,TRUE,"City"
4189000,8838,6,8,90210,2012,14286,1061333,FALSE,TRUE,"none"
3495034,2429,3,4,90210,2016,22077,281004,TRUE,FALSE,"none"
3000030,3717,3,5,90210,2009,20277,498110,TRUE,TRUE,"none"
6620066,4441,5,7,90210,2017,14221,3106602,TRUE,TRUE,"none"
12900129,6097,5,9,90210,2016,31623,5805351,TRUE,TRUE,"none"
27625276,6872,6,7,90210,2018,26735,8349725,TRUE,TRUE,"none"
12250122,6456,7,9,90210,2017,29970,667683,TRUE,TRUE,"none"
9400094,12016,6,9,90210,2013,32163,5880733,TRUE,TRUE,"none"
15850158,7636,5,8,90210,2016,50770,10517891,TRUE,TRUE,"City"
5250052,2454,2,3,90210,2010,16424,2695466,TRUE,FALSE,"none"
15500155,4965,4,5,90210,2016,48923,3086796,TRUE,TRUE,"none"
4550000,6006,7,6,90210,2012,14151,1465390,TRUE,TRUE,"none"
15700157,14609,5,8,90210,2011,37575,17807694,TRUE,TRUE,"none"
8200082,6311,4,6,90210,2010,20011,6700000,TRUE,TRUE,"none"
3850000,3996,4,6,90210,2008,27230,371458,TRUE,TRUE,"none"
2625026,3442,3,4,90210,2008,16960,2024444,TRUE,TRUE,"none"
8000080,7841,4,7,90210,2011,45047,434366,TRUE,TRUE,"none"
8000080,9645,5,8,90210,2015,24427,12657203,TRUE,FALSE,"City"
27500275,10909,5,8,90210,2013,77690,10367154,TRUE,TRUE,"City"
10274102,9663,4,6,90210,2011,29363,1887195,TRUE,TRUE,"none"
4800048,2615,3,3,90210,2016,15139,2890749,TRUE,TRUE,"none"
5925059,3696,5,5,90210,2014,14757,467659,TRUE,TRUE,"none"
6100061,6190,4,9,90210,2012,15250,5126224,FALSE,TRUE,"City"
10600106,8880,7,7,90210,2013,42101,7700000,TRUE,TRUE,"none"
6245562,5678,5,5,90210,2013,17006,529183,TRUE,TRUE,"none"
6500065,5645,6,6,90210,2009,22901,503011,TRUE,TRUE,"none"
5450054,3856,4,4,90210,2013,17464,372275,TRUE,TRUE,"none"
7900079,4144,4,7,90210,2019,15332,2416249,FALSE,TRUE,"none"
7500500,5392,6,6,90210,2014,24847,1991886,TRUE,TRUE,"none"
7000070,4228,4,6,90210,2017,20636,784331,TRUE,TRUE,"none"
10500105,10042,6,7,90210,2012,19038,2691533,TRUE,TRUE,"none"
23000230,16733,6,9,90210,2010,66966,10984568,TRUE,TRUE,"none"
6210062,5351,5,7,90210,2009,31377,7032624,TRUE,TRUE,"none"
4855048,4356,4,5,90210,2013,14990,440435,TRUE,TRUE,"none"
12755127,11770,9,10,90210,2019,22914,7941238,FALSE,TRUE,"none"
5475054,2626,4,3,90210,2018,13120,6175000,TRUE,TRUE,"none"
8100081,7180,5,6,90210,2014,24838,4852907,TRUE,TRUE,"none"
13200132,11397,7,11,90210,2019,29428,10597477,FALSE,TRUE,"none"
4500045,6392,5,6,90210,2010,18512,3150909,TRUE,TRUE,"none"
8950089,6787,5,7,90210,2019,14556,3505323,FALSE,TRUE,"none"
6200062,2725,2,2,90210,2019,13091,386738,FALSE,FALSE,"none"
6180061,11117,4,6,90210,2013,27641,1973052,TRUE,TRUE,"none"
3755000,3144,6,4,90210,2011,16786,390356,TRUE,TRUE,"none"
9600096,7744,7,7,90210,2015,21959,2181910,TRUE,TRUE,"none"
4050000,4547,5,5,90210,2012,13543,2023720,TRUE,TRUE,"none"
7252072,9754,6,7,90210,2013,14050,3962235,TRUE,TRUE,"none"
8540085,8766,7,8,90210,2014,20206,8206655,TRUE,TRUE,"none"
4500000,4848,4,6,90210,2010,15542,699069,TRUE,TRUE,"none"
6000060,4663,4,5,90210,2011,23298,493182,TRUE,TRUE,"none"
5650056,3930,4,5,90210,2008,20355,396615,TRUE,FALSE,"none"
9350093,5540,4,6,90210,2016,28003,788366,TRUE,TRUE,"none"
7800000,11679,5,8,90210,2009,45999,9417158,TRUE,TRUE,"City"
22000220,4820,2,4,90210,2018,45950,4649123,TRUE,FALSE,"none"
2665000,5134,5,5,90210,2011,13432,509958,TRUE,FALSE,"none"
3085030,4886,4,4,90210,2011,20504,406424,TRUE,TRUE,"none"
10950109,9405,7,9,90210,2008,36433,8843400,TRUE,TRUE,"none"
8350083,5322,5,5,90210,2017,23320,2382947,TRUE,TRUE,"none"
11945119,3809,3,4,90210,2016,34929,3122490,TRUE,TRUE,"none"
2500025,2256,2,3,90210,2019,18933,309302,FALSE,TRUE,"none"
7500000,2990,3,4,90210,2015,16376,3422778,TRUE,TRUE,"none"
30000300,10380,5,8,90210,2019,30248,7855389,FALSE,TRUE,"none"
14520145,9138,6,8,90210,2012,46099,8056207,TRUE,TRUE,"none"
3385033,2967,3,4,90210,2013,14779,334334,TRUE,TRUE,"none"
9625096,3476,4,5,90210,2015,32698,2908754,TRUE,TRUE,"none"
8675586,4133,4,4,90210,2018,24660,443953,TRUE,TRUE,"none"
10600106,11369,7,11,90210,2014,26006,8742271,TRUE,TRUE,"none"
4225000,2608,2,3,90210,2012,15564,1952593,FALSE,TRUE,"none"
4080000,5078,3,4,90210,2011,32266,2776000,TRUE,TRUE,"none"
16200162,3007,3,4,90210,2016,24736,460365,TRUE,TRUE,"none"
5850000,12800,7,9,90210,2013,33194,437309,TRUE,TRUE,"none"
16200162,6066,6,6,90210,2017,35928,1227198,TRUE,TRUE,"none"
5490000,5476,6,5,90210,2011,18555,471693,TRUE,TRUE,"none"
8255082,5296,7,4,90210,2018,16781,2434391,TRUE,TRUE,"none"
19850198,4265,3,5,90210,2019,16436,725474,FALSE,TRUE,"none"
2836028,4512,5,5,90210,2010,12811,3471000,TRUE,TRUE,"none"
6945569,6311,7,7,90210,2013,23641,5278500,TRUE,TRUE,"none"
6567565,6840,6,7,90210,2013,25069,4300351,TRUE,TRUE,"none"
7300073,7280,6,5,90210,2010,18502,3379533,TRUE,TRUE,"none"
7500075,4120,2,4,90210,2017,14794,5822858,TRUE,TRUE,"none"
8500085,3299,6,3,90210,2014,34875,6450480,TRUE,FALSE,"none"
9826098,6690,8,6,90210,2014,43952,680897,TRUE,TRUE,"none"
7100071,4514,5,5,90210,2017,14383,3225983,TRUE,TRUE,"none"
3875038,5882,8,8,90210,2011,13154,2986610,TRUE,TRUE,"none"
10500105,8888,5,6,90210,2019,23421,6062425,FALSE,TRUE,"none"
9465094,13733,12,12,90210,2016,29112,5907170,TRUE,FALSE,"none"
5900059,4155,4,4,90210,2012,15366,4300000,FALSE,TRUE,"none"
4200000,6865,5,9,90210,2009,16464,1170564,TRUE,TRUE,"none"
8050080,4170,4,5,90210,2016,18270,1690251,TRUE,TRUE,"none"
12150121,8298,4,8,90210,2013,23479,6574492,TRUE,TRUE,"none"
4695546,5856,6,8,90210,2015,22723,2875448,TRUE,TRUE,"none"
7495074,5333,7,4,90210,2014,18421,4832634,TRUE,TRUE,"none"
5650000,4352,4,4,90210,2014,23968,491743,TRUE,FALSE,"none"
8323583,5352,5,6,90210,2019,18876,1465241,FALSE,TRUE,"none"
10050100,7638,6,8,90210,2015,24838,6382202,TRUE,TRUE,"none"
17126171,11588,5,7,90210,2018,29835,16320000,TRUE,TRUE,"none"
10000000,8434,6,8,90210,2010,21214,6926000,TRUE,TRUE,"none"
8000080,6444,6,7,90210,2014,15706,4624031,TRUE,TRUE,"none"
8800088,6785,6,7,90210,2019,20084,5767378,FALSE,TRUE,"none"
25500255,10525,6,9,90210,2017,22570,16051100,TRUE,TRUE,"none"
8843088,4778,5,4,90210,2015,14702,6345863,TRUE,FALSE,"none"
7500075,4713,4,5,90210,2016,15357,651240,TRUE,TRUE,"none"
10100101,6736,5,5,90210,2014,22429,5798355,TRUE,TRUE,"none"
8100081,4534,5,6,90210,2014,20110,4671110,TRUE,TRUE,"none"
11200112,9302,4,6,90210,2016,19135,4094456,TRUE,TRUE,"none"
12000000,14127,12,11,90210,2014,60633,1083383,TRUE,TRUE,"none"
10579105,7926,7,5,90210,2016,16399,5500000,TRUE,TRUE,"none"
7580075,8394,5,7,90210,2010,23902,7883024,TRUE,TRUE,"none"
10200102,9781,5,6,90210,2012,37389,6303086,TRUE,TRUE,"none"
24900249,6033,3,8,90210,2017,29696,7534160,TRUE,TRUE,"none"
6300063,6854,6,8,90210,2011,16358,5507316,TRUE,TRUE,"none"
7950079,5293,6,7,90210,2017,19411,6435575,TRUE,TRUE,"none"
23500235,10288,7,7,90210,2018,50606,6129508,TRUE,TRUE,"none"
7800078,5008,5,7,90210,2016,16180,595650,TRUE,TRUE,"none"
9600096,5645,5,4,90210,2015,18778,2735386,TRUE,TRUE,"none"
9200092,5180,5,4,90210,2013,18647,9156545,TRUE,FALSE,"none"
6500065,4309,3,4,90210,2012,29465,5121000,TRUE,TRUE,"none"
10200102,6780,5,6,90210,2017,18128,6865592,FALSE,TRUE,"none"
27000270,7185,6,8,90210,2018,31197,10770637,TRUE,TRUE,"none"
10025100,9119,6,9,90210,2013,37927,9500000,TRUE,TRUE,"none"
5300053,8085,4,7,90210,2011,13502,5156740,TRUE,TRUE,"none"
4700047,4429,6,5,90210,2011,20138,2575338,TRUE,TRUE,"none"
36000360,12217,7,14,90210,2015,58462,30191407,TRUE,FALSE,"none"
6700000,11656,5,9,90210,2012,14793,7604610,TRUE,TRUE,"none"
4225042,4807,6,4,90210,2011,16455,414277,FALSE,TRUE,"none"
9000090,5269,6,5,90210,2016,30026,4481463,TRUE,TRUE,"none"
4211542,6780,8,7,90210,2010,25631,4817000,TRUE,TRUE,"none"
8650086,6185,7,7,90210,2014,20099,6274496,TRUE,TRUE,"none"
31000310,11540,6,10,90210,2015,28767,11592871,TRUE,TRUE,"none"
5550055,5901,5,6,90210,2012,15293,2204360,TRUE,TRUE,"none"
11918619,8094,6,7,90210,2015,22823,3761965,TRUE,TRUE,"none"
9700000,5977,4,4,90210,2011,25848,6159153,TRUE,TRUE,"none"
7515075,6562,6,5,90210,2012,19037,4728615,TRUE,TRUE,"none"
9150091,5650,5,6,90210,2018,14696,2064332,TRUE,TRUE,"none"
7300073,6760,6,7,90210,2008,17278,3419468,FALSE,TRUE,"none"
5600056,10529,5,5,90210,2008,16990,359285,FALSE,TRUE,"none"
4440000,5010,4,4,90210,2009,14889,3678882,TRUE,TRUE,"none"
20100201,8790,7,5,90210,2017,48493,23858374,TRUE,TRUE,"none"
3452034,2440,4,3,90210,2009,15404,309354,TRUE,FALSE,"none"
21000210,18577,6,10,90210,2016,39433,9339491,TRUE,TRUE,"none"
6400064,3285,5,4,90210,2016,14035,372857,TRUE,TRUE,"none"
2735500,3633,4,4,90210,2011,17993,3320020,TRUE,TRUE,"none"
4750047,4071,3,3,90210,2017,15692,5017163,TRUE,TRUE,"none"
8800088,10047,5,10,90210,2013,19141,4977811,TRUE,TRUE,"none"
15400154,6766,5,8,90210,2013,45128,5062496,TRUE,TRUE,"none"
6880068,7393,6,6,90210,2012,16475,5847988,TRUE,TRUE,"none"
16700167,10944,6,9,90210,2018,49917,4681291,TRUE,TRUE,"none"
7950079,2503,3,2,90210,2013,22938,1653265,TRUE,TRUE,"none"
9400094,8152,7,6,90210,2015,22672,665987,TRUE,TRUE,"none"
4250042,3296,5,3,90210,2016,16612,435802,TRUE,TRUE,"none"
8000080,3432,4,4,90210,2014,24169,4650000,TRUE,TRUE,"none"
13500135,5395,5,6,90210,2019,29294,8263378,FALSE,TRUE,"none"
7840078,4565,4,5,90210,2015,33977,2452291,TRUE,TRUE,"none"
4676500,4068,4,5,90210,2011,15677,2136405,TRUE,TRUE,"none"
6300063,3554,6,4,90210,2012,36006,3083626,FALSE,TRUE,"none"
12100121,5515,7,4,90210,2014,17246,3713504,TRUE,TRUE,"none"
3635536,4400,4,4,90210,2011,16998,3446818,TRUE,TRUE,"none"
34650346,5484,7,8,90210,2019,39163,9162422,FALSE,TRUE,"none"
3050030,3307,5,4,90210,2012,13685,381003,TRUE,TRUE,"none"
3750000,3024,5,5,90210,2011,14696,370262,TRUE,TRUE,"none"
5200052,4423,6,3,90210,2013,13963,564107,TRUE,TRUE,"none"
15600156,9200,7,8,90210,2017,21980,12081475,TRUE,TRUE,"none"
8000080,11012,7,10,90210,2013,27778,5998348,TRUE,TRUE,"none"
3626000,3221,4,4,90210,2011,14255,344428,TRUE,FALSE,"none"
15025150,6743,4,6,90210,2016,22416,11140925,TRUE,TRUE,"none"
8000080,12237,7,10,90210,2012,18085,11000000,TRUE,TRUE,"none"
4370000,3448,3,3,90210,2012,16394,373765,TRUE,FALSE,"none"
5425054,4513,5,4,90210,2013,16213,3668818,TRUE,TRUE,"none"
9350000,8450,6,6,90210,2015,22342,4113354,TRUE,TRUE,"none"
4126041,3735,5,3,90210,2012,15575,3585000,TRUE,FALSE,"none"
5400000,3512,4,5,90210,2008,18587,398900,FALSE,TRUE,"none"
9500095,10442,6,6,90210,2009,30974,10350100,TRUE,TRUE,"none"
18250182,9142,5,6,90210,2017,35619,6545123,TRUE,TRUE,"none"
9800098,4608,6,3,90210,2017,14449,8054634,TRUE,TRUE,"none"
6645066,6537,8,5,90210,2013,30998,695612,TRUE,TRUE,"none"
10350103,6138,5,5,90210,2019,16548,8825000,TRUE,TRUE,"none"
5550055,6686,6,7,90210,2012,14376,3465860,TRUE,FALSE,"none"
6100061,13139,4,9,90210,2008,21963,448443,TRUE,TRUE,"none"
4214500,4314,6,7,90210,2011,17226,2774393,TRUE,TRUE,"none"
16275162,16470,7,9,90210,2012,27431,8605676,TRUE,FALSE,"none"
11240112,5157,5,6,90210,2019,20545,3786100,FALSE,TRUE,"none"
11298112,8710,5,8,90210,2018,19266,5269298,TRUE,TRUE,"none"
3300033,8886,6,9,90210,2011,14082,3400000,TRUE,FALSE,"none"
8100081,6970,4,6,90210,2016,16527,1026227,TRUE,TRUE,"none"
6856068,6020,5,9,90210,2013,18001,4849279,TRUE,TRUE,"none"
7150071,6299,4,6,90210,2019,16383,6181613,FALSE,TRUE,"none"
6000060,5721,7,7,90210,2011,26930,6586000,TRUE,TRUE,"none"
10300103,4772,5,4,90210,2016,26040,7322533,TRUE,TRUE,"none"
13750137,9276,5,6,90210,2015,29578,3900923,TRUE,TRUE,"none"
6632566,3968,4,5,90210,2018,12340,6400000,TRUE,FALSE,"none"
6300063,7618,5,5,90210,2012,21084,2914144,TRUE,TRUE,"none"
6400000,5810,4,5,90210,2014,17604,2087661,TRUE,TRUE,"none"
7495074,4471,5,5,90210,2015,14099,3013886,TRUE,TRUE,"none"
9200000,8752,4,4,90210,2015,16416,3928671,TRUE,TRUE,"none"
5764500,8026,6,6,90210,2012,21674,2991200,TRUE,TRUE,"none"
6686066,6155,4,4,90210,2014,11861,4193521,TRUE,TRUE,"none"
5606556,4735,4,6,90210,2012,16071,2481467,TRUE,TRUE,"none"
9100091,8804,4,7,90210,2011,30306,9030382,TRUE,TRUE,"none"
6315063,5626,6,6,90210,2015,14700,467125,TRUE,FALSE,"none"
7850078,6006,7,6,90210,2014,20856,7026756,TRUE,TRUE,"none"
7900000,8302,8,12,90210,2014,21231,5949956,TRUE,TRUE,"none"
4000000,4089,4,4,90210,2011,17088,375093,TRUE,TRUE,"none"
5383553,4287,4,4,90210,2015,13604,415328,TRUE,FALSE,"none"
5678056,4049,4,5,90210,2014,12525,4500000,TRUE,TRUE,"none"
9000090,5690,7,8,90210,2012,17622,4284000,TRUE,TRUE,"none"
5800000,2894,4,3,90210,2016,12933,344712,TRUE,FALSE,"none"
6200062,5075,5,6,90210,2014,12254,2294783,FALSE,TRUE,"none"
12600126,5588,5,7,90210,2012,22417,4228174,TRUE,TRUE,"none"
6460064,3975,4,5,90210,2014,14590,4056766,TRUE,TRUE,"none"
6700067,4093,4,5,90210,2015,16539,5151700,TRUE,TRUE,"none"
15210152,7645,6,8,90210,2018,53296,7730541,TRUE,TRUE,"none"
10830108,7909,5,5,90210,2014,23710,4803698,TRUE,TRUE,"none"
6300063,6001,5,5,90210,2011,20349,6201585,TRUE,TRUE,"none"
4689546,3273,4,4,90210,2015,14610,4300000,TRUE,TRUE,"none"
5250052,5046,5,5,90210,2013,15492,2217019,TRUE,TRUE,"none"
9650096,6962,5,7,90210,2019,14926,4718799,FALSE,TRUE,"none"
12995129,5602,5,7,90210,2015,16600,5008382,TRUE,TRUE,"none"
9080090,4600,5,5,90210,2017,16216,2390805,TRUE,TRUE,"none"
7200072,4600,6,6,90210,2015,23668,1921739,FALSE,TRUE,"none"
5225052,2740,3,3,90210,2015,13619,1149569,TRUE,FALSE,"none"
6700067,4931,6,5,90210,2014,12251,4713301,TRUE,TRUE,"none"
7300073,3636,5,5,90210,2018,15612,419062,TRUE,TRUE,"none"
7875078,5178,6,6,90210,2012,19515,5436000,TRUE,TRUE,"none"
15300153,6719,5,6,90210,2019,25589,2748035,FALSE,FALSE,"none"
20900209,19194,8,13,90210,2016,26408,13682665,TRUE,TRUE,"none"
6182561,3473,2,4,90210,2019,13789,636546,FALSE,TRUE,"none"
5592555,4972,7,7,90210,2013,18171,2908733,TRUE,TRUE,"none"
9590595,6270,5,8,90210,2016,19514,5547966,TRUE,TRUE,"none"
4900049,2892,4,3,90210,2019,14300,1811827,FALSE,FALSE,"none"
8100000,6724,6,8,90210,2010,36165,884762,TRUE,TRUE,"none"
6750067,7537,7,8,90210,2016,17051,2512353,TRUE,TRUE,"none"
7250000,7844,5,4,90210,2012,16904,3898000,TRUE,TRUE,"none"
17250172,2021,2,3,90210,2012,16209,6781656,TRUE,TRUE,"none"
15262152,4976,4,6,90210,2017,17780,7548000,TRUE,TRUE,"none"
7860578,2469,3,3,90210,2017,16992,372463,TRUE,TRUE,"none"
6650066,7801,5,6,90210,2013,24660,417688,TRUE,TRUE,"none"
6100061,3582,4,3,90210,2015,13742,2142070,TRUE,TRUE,"none"
7990000,5772,7,7,90210,2015,19706,3770492,TRUE,TRUE,"none"
10650106,7362,4,6,90210,2016,20390,8450000,TRUE,TRUE,"none"
5265052,5012,4,6,90210,2012,22933,468789,TRUE,FALSE,"none"
10025100,5554,5,5,90210,2019,18121,10612079,TRUE,TRUE,"none"
7200072,5779,6,6,90210,2012,18463,5206000,TRUE,TRUE,"none"
10550105,6782,6,6,90210,2015,25847,8550000,TRUE,TRUE,"none"
8700087,4403,5,4,90210,2016,16561,407967,TRUE,TRUE,"none"
11000000,5895,5,5,90210,2014,18561,9150000,TRUE,TRUE,"none"
14812648,9229,5,8,90210,2017,21822,10361978,TRUE,TRUE,"none"
9085090,5780,5,7,90210,2018,12023,6657492,TRUE,TRUE,"none"
6325063,4150,4,4,90210,2019,11579,6222000,TRUE,TRUE,"none"
4419500,3732,5,4,90210,2012,22282,407922,TRUE,TRUE,"none"
10350103,6488,6,4,90210,2017,14190,6467753,TRUE,FALSE,"none"
7300073,4603,5,4,90210,2016,19762,1298453,TRUE,TRUE,"none"
4100000,3908,5,5,90210,2011,16409,2896847,TRUE,TRUE,"none"
25000250,12532,5,11,90210,2018,23284,21328199,TRUE,TRUE,"none"
15430154,4294,7,6,90210,2018,21208,8284975,TRUE,TRUE,"none"
6200062,7220,7,7,90210,2013,16027,3137302,TRUE,TRUE,"none"
5800058,11620,6,12,90210,2011,24706,521766,TRUE,TRUE,"none"
7400074,3478,3,4,90210,2018,14199,4963955,TRUE,TRUE,"none"
11250112,3659,3,4,90210,2019,24166,518654,FALSE,TRUE,"none"
5357053,4553,3,5,90210,2015,17763,663964,TRUE,TRUE,"none"
12500125,5216,4,5,90210,2017,22092,6565953,TRUE,TRUE,"none"
3997500,3990,4,3,90210,2012,16460,392364,TRUE,TRUE,"none"
7665000,5665,5,6,90210,2015,15746,3318886,TRUE,TRUE,"none"
9283592,9173,5,6,90210,2012,23576,4596914,TRUE,TRUE,"none"
8050080,4443,5,5,90210,2017,17774,6730975,TRUE,TRUE,"none"
9026090,7556,5,7,90210,2016,14102,4554974,TRUE,FALSE,"none"
8500085,4620,6,5,90210,2016,15680,455777,TRUE,TRUE,"none"
18246682,8560,6,5,90210,2015,27309,9104145,TRUE,TRUE,"none"
6750067,4347,5,4,90210,2019,14348,2100274,FALSE,TRUE,"none"
8000080,7581,6,6,90210,2011,21823,4261351,TRUE,FALSE,"none"
8100081,4368,5,5,90210,2017,15895,451463,TRUE,TRUE,"none"
12150000,8721,8,6,90210,2012,25093,8969000,TRUE,TRUE,"none"
8232082,4958,5,7,90210,2016,20286,468143,TRUE,TRUE,"none"
5000050,5730,5,4,90210,2012,13506,3745062,TRUE,TRUE,"none"
17250172,6968,6,5,90210,2012,18138,10433319,TRUE,TRUE,"none"
13575135,6120,6,6,90210,2018,20051,9537000,TRUE,TRUE,"none"
4392043,4732,5,4,90210,2013,13307,3487572,TRUE,TRUE,"none"
12810128,19474,6,16,90210,2016,29603,15019964,TRUE,TRUE,"none"
6150061,3633,4,4,90210,2019,12135,1338912,FALSE,FALSE,"none"
5626056,2915,4,3,90210,2019,11730,3321651,FALSE,FALSE,"none"
3375000,3256,3,3,90210,2011,12006,331037,TRUE,FALSE,"none"
7500075,5482,5,7,90210,2014,19016,436989,TRUE,TRUE,"none"
5000000,6847,7,7,90210,2012,16036,792632,TRUE,TRUE,"none"
13900139,5650,4,5,90210,2018,19013,2339639,TRUE,TRUE,"none"
7200000,7439,6,8,90210,2011,16717,1954483,TRUE,TRUE,"none"
9995099,6312,5,7,90210,2015,17759,5531370,TRUE,FALSE,"none"
10026600,6099,5,7,90210,2019,13367,4270927,FALSE,TRUE,"none"
5350053,3795,5,5,90210,2016,11885,336559,TRUE,TRUE,"none"
6150061,5717,4,7,90210,2014,15662,442775,TRUE,TRUE,"none"
7425074,4600,7,7,90210,2018,15045,485757,TRUE,TRUE,"none"
7250000,4355,4,4,90210,2013,18168,5894980,TRUE,FALSE,"none"
9500095,7448,5,7,90210,2015,15717,8646000,TRUE,TRUE,"none"
